ric,ticker,isin,exchange_name
04MF.TXEA,04MF,,
08DMM2^2,08DMM2^2,,
0J2XL.BCU,0J2XL,,
0K4.SG,0K4,,
0US7.L,0US7,,
1V3F.TRE,1V3F,,
23IF.TPRM,23IF,,
2BVF.TPRM,2BVF,,
2NJF.ICEM,2NJF,,
358F.TRE,358F,,
36MMU.TPRM,36MMU,,
39LF.TPRM,39LF,,
3V8F.ICEM,3V8F,,
47YSG.TRE,47YSG,,
4KSH.TRE,4KSH,,
4NOF.ICEM,4NOF,,
5TCF.TRE,5TCF,,
6FEF.TPRM,6FEF,,
6M6F.ICEM,6M6F,,
6PMBE.TRE,6PMBE,,
A.N,A,,
AA.N,AA,,
AACC.OQ,AACC,,
AAI.N,AAI,,
AAI.TH,AAI,,
AAL.OQ,AAL,12.46,Industrials
AAMI.K,AAMI,53.78,Financials
AAMI.N,AAMI,53.78,Financials
AAOI.OQ,AAOI,95.34,Technology
AAON.OQ,AAON,95.33,Industrials
AAP.N,AAP,51.91,Consumer Cyclicals
AAPL.OQ,AAPL,263.75,Technology
AARD.OQ,AARD,,
AAT.N,AAT,,
AATI.II,AATI,,
AA_W.II,AA_W,,
ABAT.OQ,ABAT,,
ABBCD.OQ,ABBCD,,
ABBV.N,ABBV,,
ABC.II,ABC,,
ABCB.K,ABCB,,
ABCB.N,ABCB,,
ABCD.OQ,ABCD,,
ABCO.OQ,ABCO,,
ABCW.OQ,ABCW,,
ABEO.OQ,ABEO,,
ABG,ABG,,
ABG.N,ABG,,
ABI.II,ABI,,
ABK.II,ABK,,
ABM,ABM,,
ABM.N,ABM,,
ABMD.O^L22,ABMD,,
ABNB.OQ,ABNB,,
ABOS.OQ,ABOS,,
ABR,ABR,,
ABR.N,ABR,,
ABSI.OQ,ABSI,,
ABT.N,ABT,,
ABUS.OQ,ABUS,,
ABX.N,ABX,,
ABXA.II,ABXA,,
ACA.N,ACA,,
ACAD.O,ACAD,,
ACAD.OQ,ACAD,,
ACAP.O,ACAP,,
ACAS.OQ,ACAS,,
ACCAF.TPRM,ACCAF,,
ACCL.OQ,ACCL,,
ACCO.K,ACCO,,
ACCO.N,ACCO,,
ACCRD.CJ,ACCRD,,
ACDC.OQ,ACDC,,
ACE.II,ACE,,
ACEL.N,ACEL,,
ACET.OQ,ACET,,
ACF.N,ACF,,
ACFN.OQ,ACFN,,
ACGL.OQ,ACGL,,
ACGP.PK,ACGP,,
ACH,ACH,,
ACH.N,ACH,,
ACHC.OQ,ACHC,,
ACHR.N,ACHR,,
ACI.N,ACI,,
ACIC.O,ACIC,,
ACIC.OQ,ACIC,,
ACIW.OQ,ACIW,,
ACLS.OQ,ACLS,,
ACLX.OQ,ACLX,,
ACM,ACM,,
ACM.N,ACM,,
ACMR.OQ,ACMR,,
ACN.N,ACN,,
ACNB.OQ,ACNB,,
ACNT.O,ACNT,,
ACNT.OQ,ACNT,,
ACO.N,ACO,,
ACOM.OQ,ACOM,,
ACR.N,ACR,,
ACRE.N,ACRE,,
ACRS.OQ,ACRS,,
ACS.II,ACS,,
ACT.OQ,ACT,,
ACTA.OQ,ACTA,,
ACTG.OQ,ACTG,,
ACTL.OQ,ACTL,,
ACTU.OQ,ACTU,,
ACTV.N,ACTV,,
ACU.A,ACU,,
ACVA.N,ACVA,,
ACV^E11,ACV^E11,,
ACW.N,ACW,,
ACW.PH,ACW,,
AD,AD,,
ADAM.OQ,ADAM,,
ADBE.OQ,ADBE,,
ADC,ADC,,
ADC.N,ADC,,
ADCT.N,ADCT,,
ADCT.O^L10,ADCT,,
ADEA.OQ,ADEA,,
ADES.OQ,ADES,,
ADGE.A,ADGE,,
ADI.O,ADI,,
ADI.OQ,ADI,,
ADM.N,ADM,,
ADMA.OQ,ADMA,,
ADNC.OQ,ADNC,,
ADNT.N,ADNT,,
ADP.II,ADP,,
ADP.OQ,ADP,,
ADPI.OQ,ADPI,,
ADPT.OQ,ADPT,,
ADPTDE.INS,ADPTDE,,
ADSK.IX,ADSK,,
ADSK.OQ,ADSK,,
ADTN.OQ,ADTN,,
ADTNDE.INS,ADTNDE,,
ADUS.OQ,ADUS,,
ADV.OQ,ADV,,
ADVNB.OQ,ADVNB,,
ADVS.O^G15,ADVS,,
ADY.P,ADY,,
AEBASG.TRE,AEBASG,,
AEBI.OQ,AEBI,,
AEC.B,AEC,,
AEC.N,AEC,,
AEE.II,AEE,,
AEE.N,AEE,,
AEGR.OQ,AEGR,,
AEHR.OQ,AEHR,,
AEIS.OQ,AEIS,,
AEO.N,AEO,,
AEP.O,AEP,,
AEP.OQ,AEP,,
AEPI.OQ,AEPI,,
AEPI.P,AEPI,,
AER.N,AER,,
AES.N,AES,,
AESI.N,AESI,,
AET.N,AET,,
AEVA.OQ,AEVA,,
AEYE.OQ,AEYE,,
AF.N,AF,,
AFCG.OQ,AFCG,,
AFFX.OQ,AFFX,,
AFFY.OQ,AFFY,,
AFG.N,AFG,,
AFH.OQ,AFH,,
AFIB.PK,AFIB,,
AFIIQ.PK,AFIIQ,,
AFL.II,AFL,,
AFL.N,AFL,,
AFNF.ICEM,AFNF,,
AFOP.OQ,AFOP,,
AFR.B,AFR,,
AFRI.OQ,AFRI,,
AFRM.OQ,AFRM,,
AFSRP.CJ,AFSRP,,
AG.TO,AG,,
AGAF.TPRM,AGAF,,
AGCO.N,AGCO,,
AGEN.OQ,AGEN,,
AGIL.IX,AGIL,,
AGIO.OQ,AGIO,,
AGL.N,AGL,,
AGM,AGM,,
AGM.N,AGM,,
AGN.II,AGN,,
AGN.N,AGN,,
AGN^E20,AGN^E20,,
AGO.P,AGO,,
AGP^L12,AGP,,
AGX,AGX,,
AGX.N,AGX,,
AGYS.O,AGYS,,
AGYS.OQ,AGYS,,
AH.N,AH,,
AHCO.OQ,AHCO,,
AHG.B,AHG,,
AHL.N,AHL,,
AHL.PH,AHL,,
AHM.TH,AHM,,
AHR.B,AHR,,
AHR.N,AHR,,
AHRT.K,AHRT,,
AHRT.N,AHRT,,
AHT.N,AHT,,
AI.N,AI,,
AIG.N,AIG,,
AII.N,AII,,
AIMTN.BCU,AIMTN,,
AIN,AIN,,
AIN.N,AIN,,
AINV.OQ,AINV,,
AIOT.OQ,AIOT,,
AIP.OQ,AIP,,
AIR,AIR,,
AIR.N,AIR,,
AIRG.OQ,AIRG,,
AIRJ.OQ,AIRJ,,
AIRM.O,AIRM,,
AIRO.OQ,AIRO,,
AIRS.OQ,AIRS,,
AISP.OQ,AISP,,
AIT,AIT,,
AIT.N,AIT,,
AIV.II,AIV,,
AIV.N,AIV,,
AIZ.II,AIZ,,
AIZ.N,AIZ,,
AJG.N,AJG,,
AKAM.OQ,AKAM,,
AKBA.OQ,AKBA,,
AKCA.OQ,AKCA,,
AKR,AKR,,
AKR.N,AKR,,
AKRO.OQ^L25,AKRO,,
AKRX.OQ,AKRX,,
AKS^C20,AKS^C20,,
ALAB.OQ,ALAB,,
ALB.N,ALB,,
ALCO.OQ,ALCO,,
ALDX.OQ,ALDX,,
ALEC.OQ,ALEC,,
ALEX.K,ALEX,,
ALEX.N,ALEX,,
ALFA.OQ,ALFA,,
ALG.N,ALG,,
ALGM.OQ,ALGM,,
ALGN.OQ,ALGN,,
ALGN.P,ALGN,,
ALGS.OQ,ALGS,,
ALGT.OQ,ALGT,,
ALH.N,ALH,,
ALHC.OQ,ALHC,,
ALIT.N,ALIT,,
ALJ.N,ALJ,,
ALJ.PH,ALJ,,
ALK,ALK,,
ALK.N,ALK,,
ALKS.OQ,ALKS,,
ALKT.OQ,ALKT,,
ALL.N,ALL,,
ALLE.N,ALLE,,
ALLO.OQ,ALLO,,
ALLY.N,ALLY,,
ALMS.OQ,ALMS,,
ALMU.OQ,ALMU,,
ALNC.OQ,ALNC,,
ALNT.O,ALNT,,
ALNT.OQ,ALNT,,
ALNY.OQ,ALNY,,
ALOADE.INS,ALOADE,,
ALOT.OQ,ALOT,,
ALRM.OQ,ALRM,,
ALRS.OQ,ALRS,,
ALSXP.CJ,ALSXP,,
ALT.OQ,ALT,,
ALTE.OQ,ALTE,,
ALTG.N,ALTG,,
ALTI.OQ,ALTI,,
ALTO.OQ,ALTO,,
ALTR.OQ,ALTR,,
ALTRN.BCU,ALTRN,,
ALTU.O,ALTU,,
ALV.N,ALV,,
ALX,ALX,,
ALX.N,ALX,,
ALXN.O^G21,ALXN,,
ALXO.OQ,ALXO,,
AM.N,AM,,
AMAL.OQ,AMAL,,
AMAT.OQ,AMAT,,
AMBA.OQ,AMBA,,
AMBP.N,AMBP,,
AMBQ.N,AMBQ,,
AMBT.OQ,AMBT,,
AMC.N,AMC,,
AMCC.II,AMCC,,
AMCR.N,AMCR,,
AMCX.OQ,AMCX,,
AMD.O,AMD,,
AMD.OQ,AMD,,
AME.N,AME,,
AMED.MX,AMED,,
AMFI.OQ,AMFI,,
AMG.N,AMG,,
AMGN.OQ,AMGN,,
AMH.N,AMH,,
AMIE.OQ,AMIE,,
AMIS.P,AMIS,,
AMKR.OQ,AMKR,,
AMKRDE.INS,AMKRDE,,
AMLN.O^H12,AMLN,,
AMLX.OQ,AMLX,,
AMN,AMN,,
AMN.N,AMN,,
AMP.II,AMP,,
AMP.N,AMP,,
AMPH.OQ,AMPH,,
AMPL.OQ,AMPL,,
AMPX.N,AMPX,,
AMR.N,AMR,,
AMRC.N,AMRC,,
AMRI.OQ,AMRI,,
AMRTXP.CJ,AMRTXP,,
AMRX.O,AMRX,,
AMRX.OQ,AMRX,,
AMSC.OQ,AMSC,,
AMSCDE.INS,AMSCDE,,
AMSF.OQ,AMSF,,
AMSG.OQ,AMSG,,
AMSWAN.BCU,AMSWAN,,
AMT.N,AMT,,
AMTB.K,AMTB,,
AMTB.N,AMTB,,
AMTD.O^J20,AMTD,,
AMTG.N,AMTG,,
AMTX.OQ,AMTX,,
AMWD.OQ,AMWD,,
AMWL.N,AMWL,,
AMYOVP.CJ,AMYOVP,,
AMZN.OQ,AMZN,,
AMZN.W,AMZN,,
AN.II,AN,,
AN.N,AN,,
ANAB.OQ,ANAB,,
ANAC.OQ,ANAC,,
ANAD.OQ,ANAD,,
ANAD.P,ANAD,,
ANDE.OQ,ANDE,,
ANDV.K^J18,ANDV,,
ANDWDE.INS,ANDWDE,,
ANEN.OQ,ANEN,,
ANET.N,ANET,,
ANF,ANF,,
ANF.N,ANF,,
ANGI.OQ,ANGI,,
ANGO.OQ,ANGO,,
ANIK.OQ,ANIK,,
ANIP.OQ,ANIP,,
ANN.N,ANN,,
ANNX.OQ,ANNX,,
ANR.B,ANR,,
ANSS.MX,ANSS,,
ANST.OQ,ANST,,
ANTH.OQ,ANTH,,
AOC.II,AOC,,
AOL.N,AOL,,
AOMR.N,AOMR,,
AON.N,AON,,
AONE.OQ,AONE,,
AORT.K,AORT,,
AORT.N,AORT,,
AOS,AOS,,
AOS.N,AOS,,
AOSL.OQ,AOSL,,
AOUT.OQ,AOUT,,
AP,AP,,
AP.N,AP,,
APA.II,APA,,
APAGF.O,APAGF,,
APAGF.OQ,APAGF,,
APAM.N,APAM,,
APC.II,APC,,
APC^H19,APC^H19,,
APD.II,APD,,
APD.N,APD,,
APEI.OQ,APEI,,
APFH.N,APFH,,
APG,APG,,
APGE.OQ,APGE,,
APH.N,APH,,
APLD.OQ,APLD,,
APLE.N,APLE,,
APLS.OQ,APLS,,
APO.N,APO,,
APOG.OQ,APOG,,
APOL.O^B17,APOL,,
APP.OQ,APP,,
APPF.OQ,APPF,,
APPN.OQ,APPN,,
APPS.OQ,APPS,,
APVO.OQ,APVO,,
APYX.OQ,APYX,,
AQ.N,AQ,,
AQB.OQ,AQB,,
AQMS.OQ,AQMS,,
AQST.OQ,AQST,,
AR.N,AR,,
ARAY.O,ARAY,,
ARAY.OQ,ARAY,,
ARBADE.INS,ARBADE,,
ARCB.OQ,ARCB,,
ARCC.O,ARCC,,
ARCT.OQ,ARCT,,
ARD.C,ARD,,
ARDNA.OQ,ARDNA,,
ARDT.N,ARDT,,
ARDX.OQ,ARDX,,
ARE,ARE,,
ARE.N,ARE,,
AREN.A,AREN,,
ARES.N,ARES,,
AREX.OQ,AREX,,
ARG.N,ARG,,
ARHS.OQ,ARHS,,
ARI.N,ARI,,
ARIA.OQ,ARIA,,
ARJ.N,ARJ,,
ARKO.OQ,ARKO,,
ARL.N,ARL,,
ARLO.N,ARLO,,
ARM.OQ,ARM,,
ARMK.N,ARMK,,
ARMON.BCU,ARMON,,
ARNAN.BCU,ARNAN,,
AROC.N,AROC,,
AROW.OQ,AROW,,
ARPI.N,ARPI,,
ARQ.O,ARQ,,
ARQ.OQ,ARQ,,
ARQT.OQ,ARQT,,
ARR.N,ARR,,
ARRO.OQ,ARRO,,
ARRS.OQ,ARRS,,
ARRS.O^D19,ARRS,,
ARRY.IX,ARRY,,
ARRY.OQ,ARRY,,
ARTNA.OQ,ARTNA,,
ARUN.OQ,ARUN,,
ARVN.OQ,ARVN,,
ARW.N,ARW,,
ARWR.OQ,ARWR,,
ARX.N,ARX,,
ARXT.OQ,ARXT,,
ARXX.OQ,ARXX,,
ASAN.N,ASAN,,
ASB,ASB,,
ASB.N,ASB,,
ASC.N,ASC,,
ASCA.OQ,ASCA,,
ASCADE.INS,ASCADE,,
ASD.N,ASD,,
ASEI.MW,ASEI,,
ASEI.OQ,ASEI,,
ASGN.CJ,ASGN,,
ASGN.N,ASGN,,
ASH.II,ASH,,
ASH.N,ASH,,
ASI.N,ASI,,
ASIADE.INS,ASIADE,,
ASIC.N,ASIC,,
ASIX.N,ASIX,,
ASLE.OQ,ASLE,,
ASMB.OQ,ASMB,,
ASML.OQ,ASML,,
ASO.OQ,ASO,,
ASPI.OQ,ASPI,,
ASPM.OQ,ASPM,,
ASPN.N,ASPN,,
ASPS.OQ,ASPS,,
ASRT.OQ,ASRT,,
ASST.OQ,ASST,,
ASTE.OQ,ASTE,,
ASTH.O,ASTH,,
ASTH.OQ,ASTH,,
ASTS.OQ,ASTS,,
ASTX.OQ,ASTX,,
ASUR.OQ,ASUR,,
ASVI.P,ASVI,,
ASYTDE.INS,ASYTDE,,
ATAC.OQ,ATAC,,
ATB.P,ATB,,
ATEC.OQ,ATEC,,
ATEN.N,ATEN,,
ATER.OQ,ATER,,
ATEX.OQ,ATEX,,
ATG.N,ATG,,
ATH.N,ATH,,
ATHNN.BCU,ATHNN,,
ATI.N,ATI,,
ATKR.N,ATKR,,
ATLC.OQ,ATLC,,
ATLO.OQ,ATLO,,
ATLS.OQ,ATLS,,
ATMI.OQ,ATMI,,
ATMLN.BCU,ATMLN,,
ATMU.N,ATMU,,
ATNI.OQ,ATNI,,
ATNI.P,ATNI,,
ATNY.OQ,ATNY,,
ATO.N,ATO,,
ATOM.OQ,ATOM,,
ATOS.OQ,ATOS,,
ATR,ATR,,
ATR.N,ATR,,
ATRA.OQ,ATRA,,
ATRC.OQ,ATRC,,
ATRO.OQ,ATRO,,
ATSG.MX,ATSG,,
ATVIN.BCU,ATVIN,,
ATW.B,ATW,,
ATW^J17,ATW,,
ATX.OQ,ATX,,
ATYR.OQ,ATYR,,
AUB,AUB,,
AUB.N,AUB,,
AUPH.OQ,AUPH,,
AURA.OQ,AURA,,
AUXL.OQ,AUXL,,
AVA,AVA,,
AVA.N,AVA,,
AVAH.OQ,AVAH,,
AVAV.O,AVAV,,
AVAV.OQ,AVAV,,
AVB,AVB,,
AVB.N,AVB,,
AVBH.OQ,AVBH,,
AVBP.OQ,AVBP,,
AVCT.OQ,AVCT,,
AVD,AVD,,
AVD.N,AVD,,
AVDR.OQ,AVDR,,
AVG.N,AVG,,
AVGO.OQ,AVGO,,
AVHMU.TRE,AVHMU,,
AVID.OQ,AVID,,
AVIDDE.INS,AVIDDE,,
AVIR.OQ,AVIR,,
AVNR.OQ,AVNR,,
AVNS.N,AVNS,,
AVNT.N,AVNT,,
AVNW.OQ,AVNW,,
AVNX.P,AVNX,,
AVO.OQ,AVO,,
AVPT.OQ,AVPT,,
AVP^A20,AVP^A20,,
AVR.OQ,AVR,,
AVR.PH,AVR,,
AVT.O,AVT,,
AVT.OQ,AVT,,
AVTR.N,AVTR,,
AVTX.OQ,AVTX,,
AVX.N,AVX,,
AVXL.OQ,AVXL,,
AVY.II,AVY,,
AVY.N,AVY,,
AW.N,AW,,
AWBC.OQ,AWBC,,
AWK.N,AWK,,
AWR,AWR,,
AWR.N,AWR,,
AWRE.OQ,AWRE,,
AX.N,AX,,
AXB.N,AXB,,
AXGN.OQ,AXGN,,
AXLL.N,AXLL,,
AXLRNP.CJ,AXLRNP,,
AXNX.MX,AXNX,,
AXON.O,AXON,,
AXON.OQ,AXON,,
AXP.N,AXP,,
AXR,AXR,,
AXS.N,AXS,,
AXSM.OQ,AXSM,,
AXTA.N,AXTA,,
AXTI.OQ,AXTI,,
AYE.II,AYE,,
AYE^B11,AYE^B11,,
AYI,AYI,,
AYI.N,AYI,,
AYR.N,AYR,,
AZNN.MX,AZNN,,
AZO.II,AZO,,
AZO.N,AZO,,
AZPNDE.INS,AZPNDE,,
AZTA.O,AZTA,,
AZTA.OQ,AZTA,,
AZZ,AZZ,,
AZZ.N,AZZ,,
BA.N,BA,,
BABA.N,BABA,,
BAC.N,BAC,,
BAGL.OQ,BAGL,,
BAH.N,BAH,,
BALL.K,BALL,,
BALY.N,BALY,,
BAMMDE.INS,BAMMDE,,
BANC.N,BANC,,
BAND.OQ,BAND,,
BANF.OQ,BANF,,
BANR.OQ,BANR,,
BARK.N,BARK,,
BAS.N,BAS,,
BAS.PH,BAS,,
BATRA.OQ,BATRA,,
BATRK.OQ,BATRK,,
BAX.N,BAX,,
BBAI.N,BBAI,,
BBBB.OQ,BBBB,,
BBBY.K,BBBY,,
BBBY.N,BBBY,,
BBBYDE.INS,BBBYDE,,
BBBYN.BCU,BBBYN,,
BBCP.OQ,BBCP,,
BBGI.OQ,BBGI,,
BBI.II,BBI,,
BBIO.OQ,BBIO,,
BBNK.OQ,BBNK,,
BBNX.OQ,BBNX,,
BBSI.OQ,BBSI,,
BBT,BBT,,
BBT.II,BBT,,
BBT.N,BBT,,
BBUC.TO,BBUC,,
BBW,BBW,,
BBW.N,BBW,,
BBWI.N,BBWI,,
BBX.N,BBX,,
BBY.II,BBY,,
BBY.N,BBY,,
BC.II,BC,,
BC.N,BC,,
BCAB.OQ,BCAB,,
BCAL.OQ,BCAL,,
BCAX.OQ,BCAX,,
BCBP.OQ,BCBP,,
BCC.N,BCC,,
BCML.OQ,BCML,,
BCO.N,BCO,,
BCPC.OQ,BCPC,,
BCR.II,BCR,,
BCR.N,BCR,,
BCRH.N,BCRH,,
BCRX.OQ,BCRX,,
BCTG.OQ,BCTG,,
BDC.N,BDC,,
BDC.P,BDC,,
BDK.N,BDK,,
BDN.N,BDN,,
BDSX.OQ,BDSX,,
BDTX.OQ,BDTX,,
BDX.II,BDX,,
BDX.N,BDX,,
BDY.C,BDY,,
BE.N,BE,,
BEAM.OQ,BEAM,,
BEAV.O^D17,BEAV,,
BEC.N,BEC,,
BEE.C,BEE,,
BEE.N,BEE,,
BEEM.OQ,BEEM,,
BEEP.OQ,BEEP,,
BELFA.OQ,BELFA,,
BELFB.OQ,BELFB,,
BEN.II,BEN,,
BEN.N,BEN,,
BETR.OQ,BETR,,
BEXP.OQ,BEXP,,
BEZ.B,BEZ,,
BFAM.N,BFAM,,
BFAM.OQ,BFAM,,
BFB.II,BFB,,
BFB.N,BFB,,
BFC.OQ,BFC,,
BFH,BFH,,
BFH.N,BFH,,
BFLY.N,BFLY,,
BFS,BFS,,
BFS.N,BFS,,
BFST.OQ,BFST,,
BG.N,BG,,
BG4F.TPRM,BG4F,,
BGC.OQ,BGC,,
BGC^F18,BGC,,
BGG.B,BGG,,
BGG.N,BGG,,
BGMD.OQ,BGMD,,
BGS.N,BGS,,
BGSF.K,BGSF,,
BH.N,BH,,
BHB.A,BHB,,
BHBK.OQ,BHBK,,
BHE,BHE,,
BHE.N,BHE,,
BHF.OQ,BHF,,
BHR.N,BHR,,
BHRB.OQ,BHRB,,
BHS.B,BHS,,
BHVN.N,BHVN,,
BIDU.OQ,BIDU,,
BID^J19,BID,,
BIG.II,BIG,,
BIGGQ.PK,BIGGQ,,
BIIB.OQ,BIIB,,
BILL.N,BILL,,
BIO,BIO,,
BIO.N,BIO,,
BIOA.OQ,BIOA,,
BIPC.N,BIPC,,
BIRT.OQ,BIRT,,
BIVN.PH,BIVN,,
BJ.N,BJ,,
BJGP.OQ,BJGP,,
BJRI.OQ,BJRI,,
BJS.II,BJS,,
BK,BK,,
BK.N,BK,,
BKD.N,BKD,,
BKE.N,BKE,,
BKH,BKH,,
BKH.N,BKH,,
BKI.N,BKI,,
BKKT.N,BKKT,,
BKNG.OQ,BKNG,,
BKR.O,BKR,,
BKR.OQ,BKR,,
BKS.N,BKS,,
BKSY.N,BKSY,,
BKTI.A,BKTI,,
BKU.N,BKU,,
BKUNA.OQ,BKUNA,,
BKV.N,BKV,,
BKYF.OQ,BKYF,,
BL.OQ,BL,,
BLBD.OQ,BLBD,,
BLC.N,BLC,,
BLC.PH,BLC,,
BLD.N,BLD,,
BLDR.K,BLDR,,
BLDR.N,BLDR,,
BLFS.OQ,BLFS,,
BLFY.OQ,BLFY,,
BLG.P,BLG,,
BLK.N,BLK,,
BLKB.OQ,BLKB,,
BLL.II,BLL,,
BLMN.OQ,BLMN,,
BLMT.OQ,BLMT,,
BLND.N,BLND,,
BLNK.OQ,BLNK,,
BLOX.N,BLOX,,
BLT.B,BLT,,
BLT.N,BLT,,
BLX,BLX,,
BLX.N,BLX,,
BLZE.OQ,BLZE,,
BMBL.OQ,BMBL,,
BMC.N,BMC,,
BMC.O^I13,BMC,,
BMCHN.BCU,BMCHN,,
BMEA.OQ,BMEA,,
BMG3075P1014.TBEA,BMG3075P1014,,
BMG3728V1090.TRE,BMG3728V1090,,
BMI,BMI,,
BMI.N,BMI,,
BMR.C,BMR,,
BMR.N,BMR,,
BMRC.OQ,BMRC,,
BMRN.OQ,BMRN,,
BMRNS.INS,BMRNS,,
BMS.II,BMS,,
BMS.N,BMS,,
BMTC.OQ,BMTC,,
BMY.N,BMY,,
BNCN.OQ,BNCN,,
BNE.B,BNE,,
BNED.N,BNED,,
BNGO.OQ,BNGO,,
BNI.N,BNI,,
BNL.N,BNL,,
BNNY.N,BNNY,,
BNT.PH,BNT,,
BNTC.OQ,BNTC,,
BNVI.OQ,BNVI,,
BOBE.O^A18,BOBE,,
BOC,BOC,,
BOC.N,BOC,,
BODY.OQ,BODY,,
BOH.N,BOH,,
BOJAN.BCU,BOJAN,,
BOLT.OQ,BOLT,,
BONTQ.PK,BONTQ,,
BOOM.O,BOOM,,
BOOM.OQ,BOOM,,
BOOT.N,BOOT,,
BORL.IX,BORL,,
BORR.N,BORR,,
BOW.N,BOW,,
BOWDE.INS,BOWDE,,
BOX.N,BOX,,
BPRN.OQ,BPRN,,
BPZ.N,BPZ,,
BR.N,BR,,
BRBR.N,BRBR,,
BRBS.A,BRBS,,
BRC,BRC,,
BRC.N,BRC,,
BRCB.OQ,BRCB,,
BRCC.N,BRCC,,
BRCD.O^K17,BRCD,,
BRCM.O^B16,BRCM,,
BRE.N,BRE,,
BRID.OQ,BRID,,
BRKB.N,BRKB,,
BRKR.OQ,BRKR,,
BRL.II,BRL,,
BRLC.O,BRLC,,
BRLI.OQ,BRLI,,
BRO.N,BRO,,
BROS.N,BROS,,
BRS.C,BRS,,
BRSL.K,BRSL,,
BRSL.N,BRSL,,
BRSP.N,BRSP,,
BRT,BRT,,
BRT.N,BRT,,
BRW.C,BRW,,
BRX.N,BRX,,
BRZE.OQ,BRZE,,
BSC^F08,BSC^F08,,
BSET.OQ,BSET,,
BSF.OQ,BSF,,
BSFT.OQ,BSFT,,
BSG.B,BSG,,
BSRR.OQ,BSRR,,
BSTE.OQ,BSTE,,
BSVN.OQ,BSVN,,
BSX.N,BSX,,
BSY.OQ,BSY,,
BTAI.OQ,BTAI,,
BTBT.OQ,BTBT,,
BTDR.OQ,BTDR,,
BTH.B,BTH,,
BTH.N,BTH,,
BTMD.OQ,BTMD,,
BTO0F.TRE,BTO0F,,
BTSG.OQ,BTSG,,
BTU.II,BTU,,
BTU.N,BTU,,
BUCY.O^G11,BUCY,,
BUF.PH,BUF,,
BULL.OQ,BULL,,
BURF.L,BURF,,
BURL.N,BURL,,
BUSE.OQ,BUSE,,
BV.N,BV,,
BVFL.OQ,BVFL,,
BVS.OQ,BVS,,
BW.N,BW,,
BWA.N,BWA,,
BWB.OQ,BWB,,
BWFG.OQ,BWFG,,
BWIN.O,BWIN,,
BWIN.OQ,BWIN,,
BWLD.O^B18,BWLD,,
BWMN.OQ,BWMN,,
BWXT.N,BWXT,,
BX.N,BX,,
BXC.N,BXC,,
BXLT.N,BXLT,,
BXMT.N,BXMT,,
BXP.II,BXP,,
BXP.N,BXP,,
BY.N,BY,,
BYD.N,BYD,,
BYI.B,BYI,,
BYI^K14,BYI,,
BYND.OQ,BYND,,
BYRN.OQ,BYRN,,
BYSI.OQ,BYSI,,
BZ.N,BZ,,
BZAI.OQ,BZAI,,
BZH.N,BZH,,
BZH.TH,BZH,,
BZP.A,BZP,,
C.N,C,,
C.P,C,,
C2GF.ICEM,C2GF,,
CA.II,CA,,
CA.N,CA,,
CA.O^K18,CA,,
CA5359194019.TRU,CA5359194019,,
CAA^B18,CAA^B18,,
CAB.N,CAB,,
CAB.PH,CAB,,
CABO.N,CABO,,
CAC.OQ,CAC,,
CACB.OQ,CACB,,
CACC.O,CACC,,
CACC.OQ,CACC,,
CACH.OQ,CACH,,
CACI.N,CACI,,
CACQ.OQ,CACQ,,
CADL.OQ,CADL,,
CADX.OQ,CADX,,
CAE.TO,CAE,,
CAG.II,CAG,,
CAG.N,CAG,,
CAH.N,CAH,,
CAKE.OQ,CAKE,,
CAL.N,CAL,,
CALM.O,CALM,,
CALM.OQ,CALM,,
CALX.N,CALX,,
CALY.K,CALY,,
CALY.N,CALY,,
CAM.MW,CAM,,
CAM.N,CAM,,
CAO.B,CAO,,
CAPR.OQ,CAPR,,
CAR.OQ,CAR,,
CARE.OQ,CARE,,
CARG.OQ,CARG,,
CARL.OQ,CARL,,
CARR.N,CARR,,
CARS.N,CARS,,
CART.OQ,CART,,
CAS.N,CAS,,
CASH.OQ,CASH,,
CASS.O,CASS,,
CASS.OQ,CASS,,
CASY.OQ,CASY,,
CAT.N,CAT,,
CATO.K,CATO,,
CATO.N,CATO,,
CATX.A,CATX,,
CATY.OQ,CATY,,
CAVA.N,CAVA,,
CAVMN.BCU,CAVMN,,
CB,CB,,
CBAN.K,CBAN,,
CBAN.N,CBAN,,
CBE.II,CBE,,
CBEY.OQ,CBEY,,
CBF.PH,CBF,,
CBFV.OQ,CBFV,,
CBH.II,CBH,,
CBHI.OQ,CBHI,,
CBK.OQ,CBK,,
CBKCQ.PK,CBKCQ,,
CBKN.OQ,CBKN,,
CBL.N,CBL,,
CBLL.OQ,CBLL,,
CBM.B,CBM,,
CBM.N,CBM,,
CBNA.N,CBNA,,
CBNJ.OQ,CBNJ,,
CBNK.OQ,CBNK,,
CBOE.K,CBOE,,
CBOE.Z,CBOE,,
CBON.OQ,CBON,,
CBOU.OQ,CBOU,,
CBR.II,CBR,,
CBRE.N,CBRE,,
CBRL.OQ,CBRL,,
CBRLDE.INS,CBRLDE,,
CBS.II,CBS,,
CBSH.OQ,CBSH,,
CBT.N,CBT,,
CBU,CBU,,
CBU.N,CBU,,
CBZ,CBZ,,
CBZ.N,CBZ,,
CB^A16,CB^A16,,
CC.N,CC,,
CCB.OQ,CCB,,
CCBG.OQ,CCBG,,
CCBL.O,CCBL,,
CCCC.OQ,CCCC,,
CCE.II,CCE,,
CCE.N,CCE,,
CCEP.OQ,CCEP,,
CCEPC.AS,CCEPC,,
CCG.N,CCG,,
CCI.N,CCI,,
CCIX.OQ,CCIX,,
CCK.N,CCK,,
CCL.II,CCL,,
CCL.N,CCL,,
CCNE.OQ,CCNE,,
CCO.N,CCO,,
CCOI.O,CCOI,,
CCOI.OQ,CCOI,,
CCOW.OQ,CCOW,,
CCP^H17,CCP^H17,,
CCRN.OQ,CCRN,,
CCS.N,CCS,,
CCSI.OQ,CCSI,,
CCU,CCU,,
CD.OQ,CD,,
CDE.N,CDE,,
CDEDE.INS,CDEDE,,
CDI.B,CDI,,
CDI.N,CDI,,
CDLX.OQ,CDLX,,
CDNA.OQ,CDNA,,
CDNS.OQ,CDNS,,
CDP,CDP,,
CDP.N,CDP,,
CDRB.OQ,CDRB,,
CDRE.N,CDRE,,
CDW.OQ,CDW,,
CDXS.OQ,CDXS,,
CDZI.O,CDZI,,
CDZI.OQ,CDZI,,
CE.N,CE,,
CEB.N,CEB,,
CEC.B,CEC,,
CECO.O,CECO,,
CECO.OQ,CECO,,
CEDC.OQ,CEDC,,
CEG.II,CEG,,
CEG.N,CEG,,
CEG.OQ,CEG,,
CEGEDE.INS,CEGEDE,,
CELC.OQ,CELC,,
CELG.II,CELG,,
CELG.OQ,CELG,,
CELH.OQ,CELH,,
CELL.O,CELL,,
CELL.OQ,CELL,,
CENT.OQ,CENT,,
CENTA.OQ,CENTA,,
CENX.O,CENX,,
CENX.OQ,CENX,,
CEPH.O^J11,CEPH,,
CERE.OQ,CERE,,
CERN.O^F22,CERN,,
CERS.OQ,CERS,,
CETVN.BCU,CETVN,,
CEVA.OQ,CEVA,,
CF,CF,,
CF.N,CF,,
CFBK.OQ,CFBK,,
CFC.II,CFC,,
CFFI.OQ,CFFI,,
CFFN.OQ,CFFN,,
CFL.N,CFL,,
CFN.N,CFN,,
CFNB.PK,CFNB,,
CFNL.OQ,CFNL,,
CFR.N,CFR,,
CG.OQ,CG,,
CGEM.OQ,CGEM,,
CGI.C,CGI,,
CGI.N,CGI,,
CGNX.OQ,CGNX,,
CGON.OQ,CGON,,
CGX.B,CGX,,
CGX.N,CGX,,
CHAP.N,CHAP,,
CHB.B,CHB,,
CHC.B,CHC,,
CHCO.OQ,CHCO,,
CHCT.N,CHCT,,
CHD.N,CHD,,
CHDN.OQ,CHDN,,
CHDX.OQ,CHDX,,
CHE,CHE,,
CHE.N,CHE,,
CHEF.OQ,CHEF,,
CHFN.OQ,CHFN,,
CHG.B,CHG,,
CHG.N,CHG,,
CHGG.N,CHGG,,
CHH.N,CHH,,
CHK.II,CHK,,
CHKP.OQ,CHKP,,
CHMG.OQ,CHMG,,
CHMI.N,CHMI,,
CHRD.O,CHRD,,
CHRD.OQ,CHRD,,
CHRS.OQ,CHRS,,
CHRW.II,CHRW,,
CHRW.OQ,CHRW,,
CHSI.OQ,CHSI,,
CHS^A24,CHS,,
CHTR.OQ,CHTR,,
CHTRAF.INS,CHTRAF,,
CHTT.OQ,CHTT,,
CHWY.N,CHWY,,
CHZ.B,CHZ,,
CI.N,CI,,
CIA,CIA,,
CIA.N,CIA,,
CIEN.II,CIEN,,
CIEN.K,CIEN,,
CIEN.N,CIEN,,
CIFR.OQ,CIFR,,
CIM.N,CIM,,
CINF.II,CINF,,
CINF.OQ,CINF,,
CIRN.BCU,CIRN,,
CIT.II,CIT,,
CITP.OQ,CITP,,
CIVB.OQ,CIVB,,
CIX,CIX,,
CIX.A,CIX,,
CJES.N,CJES,,
CKPDE.INS,CKPDE,,
CKR.MW,CKR,,
CL.N,CL,,
CLAR.OQ,CLAR,,
CLAY.O,CLAY,,
CLB.N,CLB,,
CLBK.OQ,CLBK,,
CLC.B,CLC,,
CLC.N,CLC,,
CLDN.OQ,CLDN,,
CLDT.N,CLDT,,
CLDX.OQ,CLDX,,
CLF.N,CLF,,
CLFD.OQ,CLFD,,
CLGX.K^F21,CLGX,,
CLH,CLH,,
CLH.N,CLH,,
CLMB.OQ,CLMB,,
CLMS.OQ,CLMS,,
CLMT.OQ,CLMT,,
CLNE.OQ,CLNE,,
CLNN.OQ,CLNN,,
CLNY.N,CLNY,,
CLOV.OQ,CLOV,,
CLP.N,CLP,,
CLPR.N,CLPR,,
CLPT.OQ,CLPT,,
CLRK.O,CLRK,,
CLR^K22,CLR^K22,,
CLSK.OQ,CLSK,,
CLUB.OQ,CLUB,,
CLVSN.BCU,CLVSN,,
CLW.N,CLW,,
CLX.N,CLX,,
CLYM.O,CLYM,,
CMA.II,CMA,,
CMBM.OQ,CMBM,,
CMC.N,CMC,,
CMCL.A,CMCL,,
CMCO.O,CMCO,,
CMCO.OQ,CMCO,,
CMCSA.OQ,CMCSA,,
CMCSK.O^L15,CMCSK,,
CMCT.OQ,CMCT,,
CMDB.N,CMDB,,
CME.II,CME,,
CME.OQ,CME,,
CMG.N,CMG,,
CMGB.MW,CMGB,,
CMGIDE.INS,CMGIDE,,
CMI.II,CMI,,
CMI.N,CMI,,
CMLS.PK,CMLS,,
CMOS.II,CMOS,,
CMP,CMP,,
CMP.N,CMP,,
CMPR.OQ,CMPR,,
CMPX.OQ,CMPX,,
CMRC.O,CMRC,,
CMRC.OQ,CMRC,,
CMRE.N,CMRE,,
CMS.II,CMS,,
CMS.N,CMS,,
CMT.A,CMT,,
CMTG.N,CMTG,,
CMTL.OQ,CMTL,,
CMTY.OQ,CMTY,,
CNB.N,CNB,,
CNC,CNC,,
CNC.N,CNC,,
CNDT.O,CNDT,,
CNDT.OQ,CNDT,,
CNET.II,CNET,,
CNH.N,CNH,,
CNK.N,CNK,,
CNL.B,CNL,,
CNL.N,CNL,,
CNM.N,CNM,,
CNMD.K,CNMD,,
CNMD.N,CNMD,,
CNNE.N,CNNE,,
CNO.N,CNO,,
CNOB.OQ,CNOB,,
CNP.II,CNP,,
CNP.N,CNP,,
CNQR.O,CNQR,,
CNQR.OQ,CNQR,,
CNR.N,CNR,,
CNS,CNS,,
CNS.N,CNS,,
CNTY.OQ,CNTY,,
CNW.N,CNW,,
CNX.II,CNX,,
CNX.N,CNX,,
CNXC.OQ,CNXC,,
CNXN.O,CNXN,,
CNXN.OQ,CNXN,,
CNXR.OQ,CNXR,,
CNXTDE.INS,CNXTDE,,
COB.OQ,COB,,
COCLDE.INS,COCLDE,,
COCO.OQ,COCO,,
CODA.OQ,CODA,,
CODE.N,CODE,,
CODI.N,CODI,,
CODI.OQ,CODI,,
COF.II,COF,,
COF.N,COF,,
COFS.OQ,COFS,,
COGT.OQ,COGT,,
COH.II,COH,,
COHR.N,COHR,,
COHU.OQ,COHU,,
COIN.OQ,COIN,,
COKE.O,COKE,,
COKE.OQ,COKE,,
COL.II,COL,,
COLB.OQ,COLB,,
COLD.N,COLD,,
COLL.OQ,COLL,,
COLM.OQ,COLM,,
COLM.P,COLM,,
COL^K18,COL^K18,,
COMP.N,COMP,,
COMS.O^D10,COMS,,
COMSDE.INS,COMSDE,,
CON.N,CON,,
COOK.N,COOK,,
COP.II,COP,,
COP.N,COP,,
COR,COR,,
COR.N,COR,,
CORI.OQ,CORI,,
CORS.OQ,CORS,,
CORT.OQ,CORT,,
CORZ.OQ,CORZ,,
COSO.N,COSO,,
COST.OQ,COST,,
COTY.N,COTY,,
COUPN.BCU,COUPN,,
COUR.N,COUR,,
CPAY.N,CPAY,,
CPB.O,CPB,,
CPE.MX,CPE,,
CPF.N,CPF,,
CPHD.O,CPHD,,
CPHD.OQ,CPHD,,
CPIX.OQ,CPIX,,
CPK.N,CPK,,
CPKI.OQ,CPKI,,
CPRI.N,CPRI,,
CPRT.OQ,CPRT,,
CPRX.OQ,CPRX,,
CPS.N,CPS,,
CPSS.OQ,CPSS,,
CPT.N,CPT,,
CPTS.O,CPTS,,
CPTS.OQ,CPTS,,
CPWR.O^L14,CPWR,,
CPX.PH,CPX,,
CPY.PH,CPY,,
CQB.B,CQB,,
CQB.N,CQB,,
CR.N,CR,,
CRAI.OQ,CRAI,,
CRAY.O,CRAY,,
CRAY.OQ,CRAY,,
CRBG.N,CRBG,,
CRBP.OQ,CRBP,,
CRBU.OQ,CRBU,,
CRC.N,CRC,,
CRCT.OQ,CRCT,,
CRDA.N,CRDA,,
CRDB,CRDB,,
CRDB.N,CRDB,,
CRDF.OQ,CRDF,,
CRDO.OQ,CRDO,,
CRGY.N,CRGY,,
CRI,CRI,,
CRI.N,CRI,,
CRIS.OQ,CRIS,,
CRK.N,CRK,,
CRL.N,CRL,,
CRM.N,CRM,,
CRMD.O,CRMD,,
CRMD.OQ,CRMD,,
CRML.OQ,CRML,,
CRMT.OQ,CRMT,,
CRN.B,CRN,,
CRNC.OQ,CRNC,,
CRNX.OQ,CRNX,,
CROX.OQ,CROX,,
CRR.C,CRR,,
CRR.N^L19,CRR,,
CRRC.OQ,CRRC,,
CRS.N,CRS,,
CRSP.OQ,CRSP,,
CRSR.O,CRSR,,
CRTX.OQ,CRTX,,
CRUS.OQ,CRUS,,
CRUSDE.INS,CRUSDE,,
CRVL.OQ,CRVL,,
CRVS.OQ,CRVS,,
CRWD.OQ,CRWD,,
CRWN.O,CRWN,,
CRWN.OQ,CRWN,,
CRWV.OQ,CRWV,,
CRZ.PH,CRZ,,
CRZON.BCU,CRZON,,
CSCD.OQ,CSCD,,
CSCO.OQ,CSCO,,
CSFL.OQ,CSFL,,
CSGP.OQ,CSGP,,
CSGS.OQ,CSGS,,
CSK.B,CSK,,
CSL.N,CSL,,
CSPI.OQ,CSPI,,
CSR.N,CSR,,
CSS.B,CSS,,
CSS.N,CSS,,
CSSEQ.PK,CSSEQ,,
CST.N,CST,,
CSTE.OQ,CSTE,,
CSTL.OQ,CSTL,,
CSTM.N,CSTM,,
CSV.N,CSV,,
CSW,CSW,,
CSW.N,CSW,,
CSWC.O,CSWC,,
CSWC.OQ,CSWC,,
CSX.II,CSX,,
CSX.O,CSX,,
CSX.OQ,CSX,,
CTAS.OQ,CTAS,,
CTB.II,CTB,,
CTBI.OQ,CTBI,,
CTBK.O,CTBK,,
CTCI.OQ,CTCI,,
CTCT.OQ,CTCT,,
CTEV.N,CTEV,,
CTGO.A,CTGO,,
CTKB.OQ,CTKB,,
CTL.II,CTL,,
CTLP.OQ,CTLP,,
CTLT.MX,CTLT,,
CTMX.OQ,CTMX,,
CTO.N,CTO,,
CTOS.N,CTOS,,
CTRA.K,CTRA,,
CTRC.OQ,CTRC,,
CTRE.K,CTRE,,
CTRE.N,CTRE,,
CTRI.N,CTRI,,
CTRN.OQ,CTRN,,
CTS,CTS,,
CTS.N,CTS,,
CTSH.OQ,CTSH,,
CTSHF.INS,CTSHF,,
CTSO.OQ,CTSO,,
CTV^A11,CTV^A11,,
CTX.II,CTX,,
CTXR.OQ,CTXR,,
CTXS.O^J22,CTXS,,
CUBE.N,CUBE,,
CUBI.N,CUBI,,
CUE.OQ,CUE,,
CULP.K,CULP,,
CULP.N,CULP,,
CUNB.OQ,CUNB,,
CURB.N,CURB,,
CURI.O,CURI,,
CURI.OQ,CURI,,
CURV.N,CURV,,
CUZ.N,CUZ,,
CV.B,CV,,
CV.OQ,CV,,
CVBF.OQ,CVBF,,
CVC.N,CVC,,
CVCO.OQ,CVCO,,
CVD.N,CVD,,
CVEO.N,CVEO,,
CVG.II,CVG,,
CVGI.OQ,CVGI,,
CVGW.OQ,CVGW,,
CVG^J18,CVG,,
CVH.II,CVH,,
CVH^E13,CVH^E13,,
CVI.N,CVI,,
CVIA.N,CVIA,,
CVLG.K,CVLG,,
CVLG.N,CVLG,,
CVLT.OQ,CVLT,,
CVM.A,CVM,,
CVNA.N,CVNA,,
CVNS.OQ,CVNS,,
CVRX.OQ,CVRX,,
CVS.II,CVS,,
CVS.N,CVS,,
CVSA.K,CVSA,,
CVSA.N,CVSA,,
CVT.N,CVT,,
CVTXDE.INS,CVTXDE,,
CVU,CVU,,
CVX.II,CVX,,
CVX.N,CVX,,
CW,CW,,
CW.N,CW,,
CWAN.N,CWAN,,
CWBC.OQ,CWBC,,
CWCO.O,CWCO,,
CWCO.OQ,CWCO,,
CWEI.N,CWEI,,
CWEN.N,CWEN,,
CWENA.N,CWENA,,
CWH.N,CWH,,
CWK.N,CWK,,
CWST.OQ,CWST,,
CWT,CWT,,
CWT.N,CWT,,
CXDO.OQ,CXDO,,
CXM.N,CXM,,
CXO^A21,CXO^A21,,
CXPO.OQ,CXPO,,
CXR.B,CXR,,
CXS.N,CXS,,
CXT.N,CXT,,
CXW.N,CXW,,
CYBS.O,CYBS,,
CYBX.O,CYBX,,
CYBX.OQ,CYBX,,
CYCN.OQ,CYCN,,
CYH.N,CYH,,
CYMIDE.INS,CYMIDE,,
CYN.BCU,CYN,,
CYN.N,CYN,,
CYNO.O,CYNO,,
CYNO.OQ,CYNO,,
CYRX.OQ,CYRX,,
CYT.N,CYT,,
CYTK.O,CYTK,,
CYTK.OQ,CYTK,,
CYTR.OQ,CYTR,,
CYTR.P,CYTR,,
CZFS.OQ,CZFS,,
CZN.II,CZN,,
CZNC.OQ,CZNC,,
CZR.OQ,CZR,,
CZRN.BCU,CZRN,,
CZWI.OQ,CZWI,,
D.II,D,,
D.N,D,,
DAKT.OQ,DAKT,,
DAL.N,DAL,,
DAN.N,DAN,,
DAR,DAR,,
DAR.N,DAR,,
DASH.O,DASH,,
DASH.OQ,DASH,,
DAVE.OQ,DAVE,,
DAWN.OQ,DAWN,,
DBD.N,DBD,,
DBD.N^F23,DBD,,
DBI.N,DBI,,
DBRG.N,DBRG,,
DBTK.O,DBTK,,
DBX.OQ,DBX,,
DC.A,DC,,
DCEL.P,DCEL,,
DCGO.OQ,DCGO,,
DCH,DCH,,
DCH.N,DCH,,
DCI.N,DCI,,
DCO.N,DCO,,
DCOM.OQ,DCOM,,
DCPHN.BCU,DCPHN,,
DCTH.OQ,DCTH,,
DD.N,DD,,
DDD,DDD,,
DDD.N,DDD,,
DDE.C,DDE,,
DDOG.OQ,DDOG,,
DDR.II,DDR,,
DDS.II,DDS,,
DDS.N,DDS,,
DE.II,DE,,
DE.N,DE,,
DE8F.TRE,DE8F,,
DEA.N,DEA,,
DEC,DEC,,
DECK.K,DECK,,
DECK.N,DECK,,
DEEP.OQ,DEEP,,
DEI.N,DEI,,
DELL.N,DELL,,
DELL.O^J13,DELL,,
DERM.OQ,DERM,,
DF.II,DF,,
DF.N,DF,,
DFC.OQ,DFC,,
DFH.N,DFH,,
DFIN.N,DFIN,,
DFRG.OQ,DFRG,,
DFS.MX,DFS,,
DFT.N,DFT,,
DFTX.OQ,DFTX,,
DFZ.OQ,DFZ,,
DG.N,DG,,
DGAS.O^I17,DGAS,,
DGI.N,DGI,,
DGICA.OQ,DGICA,,
DGII.OQ,DGII,,
DGIT.O,DGIT,,
DGIT.OQ,DGIT,,
DGX.II,DGX,,
DGX.N,DGX,,
DH.OQ,DH,,
DHC.OQ,DHC,,
DHI.II,DHI,,
DHI.N,DHI,,
DHIL.OQ,DHIL,,
DHR.II,DHR,,
DHR.N,DHR,,
DHT.N,DHT,,
DHX.N,DHX,,
DIBS.OQ,DIBS,,
DIGE.OQ,DIGE,,
DIN.N,DIN,,
DINO.N,DINO,,
DIOD.OQ,DIOD,,
DIS.N,DIS,,
DISCK.O^D22,DISCK,,
DISH.O^A24,DISH,,
DIVX.OQ,DIVX,,
DJCO.OQ,DJCO,,
DJO.C,DJO,,
DK.N,DK,,
DKNG.OQ,DKNG,,
DKS.N,DKS,,
DLAPQ.PK,DLAPQ,,
DLB.N,DLB,,
DLR,DLR,,
DLR.N,DLR,,
DLTH.OQ,DLTH,,
DLTR.OQ,DLTR,,
DLX.N,DLX,,
DLX.P,DLX,,
DM.N,DM,,
DMAC.OQ,DMAC,,
DMND.OQ,DMND,,
DMRC.OQ,DMRC,,
DNA.N,DNA,,
DNBF.OQ,DNBF,,
DNB^B19,DNB^B19,,
DNDN.OQ,DNDN,,
DNKN.O^L20,DNKN,,
DNLI.OQ,DNLI,,
DNOW.N,DNOW,,
DNR.N,DNR,,
DNTH.OQ,DNTH,,
DNUT.OQ,DNUT,,
DO.N,DO,,
DOCN.N,DOCN,,
DOCS.N,DOCS,,
DOCU.OQ,DOCU,,
DOLE.N,DOLE,,
DOMO.OQ,DOMO,,
DORM.OQ,DORM,,
DOUG.N,DOUG,,
DOV.II,DOV,,
DOV.N,DOV,,
DOW.N,DOW,,
DPLO.N,DPLO,,
DPL^K11,DPL^K11,,
DPZ.O,DPZ,,
DR.B,DR,,
DRA.PH,DRA,,
DRC.N,DRC,,
DRH.O,DRH,,
DRH.OQ,DRH,,
DRI.N,DRI,,
DRII.N,DRII,,
DRIO.OQ,DRIO,,
DRIV.O^B15,DRIV,,
DRL.N,DRL,,
DRUG.CD,DRUG,,
DRVN.OQ,DRVN,,
DSCI.OQ,DSCI,,
DSGN.OQ,DSGN,,
DSGR.O,DSGR,,
DSGR.OQ,DSGR,,
DSP.OQ,DSP,,
DST^D18,DST,,
DT.N,DT,,
DTE.II,DTE,,
DTE.N,DTE,,
DTG.N,DTG,,
DTG.TH,DTG,,
DTIL.OQ,DTIL,,
DTLK.OQ,DTLK,,
DTM.N,DTM,,
DTPI.O,DTPI,,
DTSI.OQ,DTSI,,
DTV.N,DTV,,
DTV.OQ,DTV,,
DUK.N,DUK,,
DUOL.OQ,DUOL,,
DURF.TPRM,DURF,,
DVA.N,DVA,,
DVN.II,DVN,,
DVN.N,DVN,,
DVR.N,DVR,,
DVR.TH,DVR,,
DWA.N,DWA,,
DWA.OQ,DWA,,
DWRE.N,DWRE,,
DWSN.OQ,DWSN,,
DX.N,DX,,
DXC.N,DXC,,
DXCM.OQ,DXCM,,
DXLG.O,DXLG,,
DXPE.OQ,DXPE,,
DY,DY,,
DY.N,DY,,
DYAX.OQ,DYAX,,
DYF1F.TBEA,DYF1F,,
DYN.MW,DYN,,
DYN.O,DYN,,
DZSIQ.PK,DZSIQ,,
EA.O,EA,,
EA.OQ,EA,,
EAC.B,EAC,,
EAC.N,EAC,,
EAF.N,EAF,,
EARN.N,EARN,,
EAT.N,EAT,,
EB.N,EB,,
EBAY.OQ,EBAY,,
EBC.OQ,EBC,,
EBF,EBF,,
EBF.N,EBF,,
EBHI.OQ,EBHI,,
EBMT.OQ,EBMT,,
EBS,EBS,,
EBS.N,EBS,,
ECBK.OQ,ECBK,,
ECL.II,ECL,,
ECL.N,ECL,,
ECLG.O,ECLG,,
ECLP.O,ECLP,,
ECOR.OQ,ECOR,,
ECPG.OQ,ECPG,,
ECVT.N,ECVT,,
ECYT.OQ,ECYT,,
ED.II,ED,,
ED.N,ED,,
EDE.B,EDE,,
EDE.N,EDE,,
EDG.N,EDG,,
EDIT.OQ,EDIT,,
EDMC.OQ,EDMC,,
EDO.B,EDO,,
EDS.N,EDS,,
EE.B,EE,,
EE.N,EE,,
EEE.MW,EEE,,
EEFT.OQ,EEFT,,
EEX.N,EEX,,
EFC.N,EFC,,
EFD.C,EFD,,
EFIIDE.INS,EFIIDE,,
EFIIN.BCU,EFIIN,,
EFR.TO,EFR,,
EFSC.O,EFSC,,
EFSC.OQ,EFSC,,
EFSI.OQ,EFSI,,
EFX.II,EFX,,
EFX.N,EFX,,
EG,EG,,
EGAN.OQ,EGAN,,
EGBN.OQ,EGBN,,
EGHT.O,EGHT,,
EGHT.OQ,EGHT,,
EGLT.OQ,EGLT,,
EGN^K18,EGN,,
EGP,EGP,,
EGP.N,EGP,,
EGRX.PK,EGRX,,
EGY,EGY,,
EGY.N,EGY,,
EHAB.N,EHAB,,
EHC.N,EHC,,
EHTH.OQ,EHTH,,
EICU.O,EICU,,
EIG.N,EIG,,
EIG.P,EIG,,
EIHI.OQ,EIHI,,
EII.PH,EII,,
EIX.II,EIX,,
EIX.N,EIX,,
EK.N^A12,EK,,
EL.N,EL,,
ELA.A,ELA,,
ELAN.N,ELAN,,
ELDN.OQ,ELDN,,
ELF.N,ELF,,
ELGX.OQ,ELGX,,
ELMD.A,ELMD,,
ELME.K,ELME,,
ELNK.OQ,ELNK,,
ELNKDE.INS,ELNKDE,,
ELONDE.INS,ELONDE,,
ELRC.O,ELRC,,
ELRC.OQ,ELRC,,
ELS,ELS,,
ELS.N,ELS,,
ELV,ELV,,
ELVN.OQ,ELVN,,
EMBC.OQ,EMBC,,
EMC.N,EMC,,
EMC.P,EMC,,
EMCI.OQ,EMCI,,
EME,EME,,
EME.N,EME,,
EML.OQ,EML,,
EMLXDE.INS,EMLXDE,,
EMN.II,EMN,,
EMN.N,EMN,,
EMR.II,EMR,,
EMR.N,EMR,,
EMS.PH,EMS,,
ENCY.O,ENCY,,
END.N,END,,
ENER.O,ENER,,
ENH.N,ENH,,
ENN.C,ENN,,
ENOC.OQ,ENOC,,
ENOV.N,ENOV,,
ENPH.OQ,ENPH,,
ENR.N,ENR,,
ENS,ENS,,
ENS.N,ENS,,
ENSG.OQ,ENSG,,
ENSI.OQ,ENSI,,
ENT.OQ,ENT,,
ENTA.OQ,ENTA,,
ENTG.II,ENTG,,
ENTG.OQ,ENTG,,
ENTR.OQ,ENTR,,
ENVA.N,ENVA,,
ENVI.OQ,ENVI,,
ENVX.OQ,ENVX,,
ENZN.PK,ENZN,,
ENZNDE.INS,ENZNDE,,
EOG.II,EOG,,
EOG.N,EOG,,
EOLS.OQ,EOLS,,
EOSE.OQ,EOSE,,
EP.A,EP,,
EP.N,EP,,
EPAC.N,EPAC,,
EPAM.N,EPAM,,
EPAY.IX,EPAY,,
EPAYN.BCU,EPAYN,,
EPC.N,EPC,,
EPE.N,EPE,,
EPEF.ICEM,EPEF,,
EPEX.OQ,EPEX,,
EPIQ.OQ,EPIQ,,
EPL.B,EPL,,
EPL.N,EPL,,
EPM.A,EPM,,
EPR.N,EPR,,
EPRT.N,EPRT,,
EPSN.OQ,EPSN,,
EQBK.K,EQBK,,
EQBK.N,EQBK,,
EQH.N,EQH,,
EQIX.O,EQIX,,
EQIX.OQ,EQIX,,
EQR.II,EQR,,
EQR.N,EQR,,
EQT.N,EQT,,
EQY.B,EQY,,
EQY.N,EQY,,
ERAS.OQ,ERAS,,
ERES.II,ERES,,
ERIE.OQ,ERIE,,
ERII.OQ,ERII,,
ERINQ.PK,ERINQ,,
ES.N,ES,,
ESAB.N,ESAB,,
ESBF.OQ,ESBF,,
ESC.C,ESC,,
ESC.N,ESC,,
ESCA.OQ,ESCA,,
ESCH.O,ESCH,,
ESE,ESE,,
ESE.N,ESE,,
ESI.N,ESI,,
ESLRDE.INS,ESLRDE,,
ESL^C19,ESL,,
ESNT.N,ESNT,,
ESOA.OQ,ESOA,,
ESPDDE.INS,ESPDDE,,
ESPR.OQ,ESPR,,
ESQ.OQ,ESQ,,
ESRT.N,ESRT,,
ESRX.O^L18,ESRX,,
ESS.N,ESS,,
ESV.II,ESV,,
ET.N,ET,,
ETD,ETD,,
ETD.N,ETD,,
ETFC.C,ETFC,,
ETFC.O^J20,ETFC,,
ETN.II,ETN,,
ETN.N,ETN,,
ETON.OQ,ETON,,
ETR.N,ETR,,
ETRF.INS,ETRF,,
ETSY.K,ETSY,,
EU.V,EU,,
EVC,EVC,,
EVC.N,EVC,,
EVCM.OQ,EVCM,,
EVDY.N,EVDY,,
EVER.OQ,EVER,,
EVEX.N,EVEX,,
EVGO.OQ,EVGO,,
EVH.N,EVH,,
EVI.A,EVI,,
EVLV.OQ,EVLV,,
EVR,EVR,,
EVR.N,EVR,,
EVTC.N,EVTC,,
EVVV.P,EVVV,,
EV^C21,EV,,
EW.N,EW,,
EWBC.OQ,EWBC,,
EWCZ.OQ,EWCZ,,
EWTX.OQ,EWTX,,
EXA.OQ,EXA,,
EXAC.OQ,EXAC,,
EXAM.N,EXAM,,
EXAS.OQ,EXAS,,
EXBD.OQ,EXBD,,
EXC.O,EXC,,
EXC.OQ,EXC,,
EXE.O,EXE,,
EXE.OQ,EXE,,
EXEL.OQ,EXEL,,
EXELDE.INS,EXELDE,,
EXFY.OQ,EXFY,,
EXL.N,EXL,,
EXLS.OQ,EXLS,,
EXP.N,EXP,,
EXPD.K,EXPD,,
EXPD.N,EXPD,,
EXPDF.INS,EXPDF,,
EXPE.OQ,EXPE,,
EXPI.OQ,EXPI,,
EXPO.OQ,EXPO,,
EXR,EXR,,
EXR.N,EXR,,
EXTR.OQ,EXTR,,
EXTRDE.INS,EXTRDE,,
EXXI.OQ,EXXI,,
EYE.OQ,EYE,,
EYPT.OQ,EYPT,,
EZPW.OQ,EZPW,,
F.N,F,,
FA.OQ,FA,,
FAC.C,FAC,,
FADV.OQ,FADV,,
FAF.N,FAF,,
FALC.OQ,FALC,,
FANG.OQ,FANG,,
FARM.O,FARM,,
FARM.OQ,FARM,,
FAST.OQ,FAST,,
FATE.OQ,FATE,,
FBIN.K,FBIN,,
FBIN.N,FBIN,,
FBIO.OQ,FBIO,,
FBIZ.OQ,FBIZ,,
FBK.N,FBK,,
FBLA.OQ,FBLA,,
FBN.N,FBN,,
FBN.TH,FBN,,
FBNC.OQ,FBNC,,
FBP.N,FBP,,
FBR.C,FBR,,
FBRC.OQ,FBRC,,
FBRT.N,FBRT,,
FBRX.OQ,FBRX,,
FBTX.OQ,FBTX,,
FBYD.OQ,FBYD,,
FC.N,FC,,
FCAP.OQ,FCAP,,
FCBC.OQ,FCBC,,
FCBP.OQ,FCBP,,
FCCO.OQ,FCCO,,
FCEL.O,FCEL,,
FCEL.OQ,FCEL,,
FCF,FCF,,
FCF.N,FCF,,
FCFP.OQ,FCFP,,
FCFS.OQ,FCFS,,
FCH.B,FCH,,
FCH.N,FCH,,
FCN,FCN,,
FCN.N,FCN,,
FCNCA.OQ,FCNCA,,
FCPT.N,FCPT,,
FCS.OQ,FCS,,
FCS.O^I16,FCS,,
FCSX.OQ,FCSX,,
FCTR.OQ,FCTR,,
FCX.II,FCX,,
FCX.N,FCX,,
FDBC.OQ,FDBC,,
FDML.OQ,FDML,,
FDMT.OQ,FDMT,,
FDO.II,FDO,,
FDO.N,FDO,,
FDP,FDP,,
FDP.N,FDP,,
FDRYDE.INS,FDRYDE,,
FDS.N,FDS,,
FDUS.OQ,FDUS,,
FDX.N,FDX,,
FE.II,FE,,
FE.N,FE,,
FED.PH,FED,,
FEIC.O,FEIC,,
FEIC.OQ,FEIC,,
FEIM.OQ,FEIM,,
FELE.OQ,FELE,,
FENC.OQ,FENC,,
FENX.OQ,FENX,,
FER.MC,FER,,
FERG.N,FERG,,
FES.OQ,FES,,
FET.N,FET,,
FF.N,FF,,
FFAI.OQ,FFAI,,
FFBC.OQ,FFBC,,
FFCH.OQ,FFCH,,
FFIC.OQ,FFIC,,
FFIN.OQ,FFIN,,
FFIV.OQ,FFIV,,
FFWM.K,FFWM,,
FFWM.N,FFWM,,
FG.N,FG,,
FGAF.TPRM,FGAF,,
FGBI.OQ,FGBI,,
FHI,FHI,,
FHI.N,FHI,,
FHN.II,FHN,,
FHN.N,FHN,,
FHTX.OQ,FHTX,,
FIBK.OQ,FIBK,,
FIC.N,FIC,,
FICO.N,FICO,,
FIGS.N,FIGS,,
FIHL.N,FIHL,,
FII.II,FII,,
FINB.OQ,FINB,,
FINL.OQ,FINL,,
FINW.OQ,FINW,,
FIP.OQ,FIP,,
FIRE.O,FIRE,,
FIRE.OQ,FIRE,,
FIS.II,FIS,,
FIS.N,FIS,,
FISI.OQ,FISI,,
FISV.O,FISV,,
FITB.II,FITB,,
FITB.OQ,FITB,,
FIVE.OQ,FIVE,,
FIVN.OQ,FIVN,,
FIX,FIX,,
FIX.N,FIX,,
FIZZ.OQ,FIZZ,,
FL.MX,FL,,
FLA.PH,FLA,,
FLE.B,FLE,,
FLEX.OQ,FLEX,,
FLG.N,FLG,,
FLGT.OQ,FLGT,,
FLIR.O^E21,FLIR,,
FLL.OQ,FLL,,
FLNC.OQ,FLNC,,
FLNG.N,FLNG,,
FLNT.OQ,FLNT,,
FLO,FLO,,
FLO.N,FLO,,
FLOC.N,FLOC,,
FLOW.O,FLOW,,
FLR.II,FLR,,
FLR.N,FLR,,
FLS.N,FLS,,
FLTX.N,FLTX,,
FLWS.OQ,FLWS,,
FLXS.OQ,FLXS,,
FLY.OQ,FLY,,
FLYW.OQ,FLYW,,
FMAO.OQ,FMAO,,
FMBH.OQ,FMBH,,
FMC.N,FMC,,
FMCN.OQ,FMCN,,
FMD.N,FMD,,
FMER.OQ,FMER,,
FMNB.OQ,FMNB,,
FMR.PH,FMR,,
FMT.B,FMT,,
FN.N,FN,,
FNB,FNB,,
FNB.N,FNB,,
FNBC.OQ,FNBC,,
FND.N,FND,,
FNF.N,FNF,,
FNFG.OQ,FNFG,,
FNFV.N,FNFV,,
FNKO.OQ,FNKO,,
FNLC.OQ,FNLC,,
FNM.N,FNM,,
FNSR.OQ,FNSR,,
FNSRDE.INS,FNSRDE,,
FNWB.OQ,FNWB,,
FNWD.OQ,FNWD,,
FOA.N,FOA,,
FOE^D22,FOE^D22,,
FOLD.OQ,FOLD,,
FONR.OQ,FONR,,
FOR.N,FOR,,
FORA.OQ,FORA,,
FORM.OQ,FORM,,
FORR.OQ,FORR,,
FOSL.OQ,FOSL,,
FOUR.N,FOUR,,
FOX.OQ,FOX,,
FOXA.OQ,FOXA,,
FOXF.OQ,FOXF,,
FOXH.OQ,FOXH,,
FPI.N,FPI,,
FPL.II,FPL,,
FPO.C,FPO,,
FPO.N,FPO,,
FR,FR,,
FR.N,FR,,
FRAF.OQ,FRAF,,
FRBA.OQ,FRBA,,
FRBKQ.PK,FRBKQ,,
FRC.C,FRC,,
FRCB.PK,FRCB,,
FRD.OQ,FRD,,
FRE.N,FRE,,
FRF.N,FRF,,
FRGB.O,FRGB,,
FRGE.N,FRGE,,
FRH.P,FRH,,
FRM.N,FRM,,
FRME.OQ,FRME,,
FRNK.OQ,FRNK,,
FRNT.OQ,FRNT,,
FRO.OL,FRO,,
FROG.OQ,FROG,,
FRP.C,FRP,,
FRP.OQ,FRP,,
FRPH.OQ,FRPH,,
FRPT.OQ,FRPT,,
FRS.A,FRS,,
FRSH.OQ,FRSH,,
FRST.OQ,FRST,,
FRT.N,FRT,,
FRX.II,FRX,,
FRX.N,FRX,,
FRZ.PH,FRZ,,
FSBC.OQ,FSBC,,
FSBK.OQ,FSBK,,
FSBW.OQ,FSBW,,
FSC.OQ,FSC,,
FSCI.O,FSCI,,
FSCI.OQ,FSCI,,
FSCT.OQ,FSCT,,
FSII.OQ,FSII,,
FSLR.OQ,FSLR,,
FSLY.OQ,FSLY,,
FSNM.OQ,FSNM,,
FSP.A,FSP,,
FSP.P,FSP,,
FSR.N,FSR,,
FSS,FSS,,
FSS.N,FSS,,
FST.N,FST,,
FSTR.OQ,FSTR,,
FSUN.OQ,FSUN,,
FSYS.OQ,FSYS,,
FTBK.OQ,FTBK,,
FTCI.OQ,FTCI,,
FTD.C,FTD,,
FTD.OQ,FTD,,
FTDR.OQ,FTDR,,
FTEK.O,FTEK,,
FTHM.OQ,FTHM,,
FTI.N,FTI,,
FTK.N,FTK,,
FTLF.OQ,FTLF,,
FTNT.OQ,FTNT,,
FTO^G11,FTO^G11,,
FTR.OQ,FTR,,
FTRE.OQ,FTRE,,
FUBC.OQ,FUBC,,
FUBO.N,FUBO,,
FUEL.OQ,FUEL,,
FUL,FUL,,
FUL.N,FUL,,
FULC.OQ,FULC,,
FULT.OQ,FULT,,
FUN.N,FUN,,
FUNC.OQ,FUNC,,
FUR.B,FUR,,
FUR.N,FUR,,
FURX.OQ,FURX,,
FVCB.OQ,FVCB,,
FVR.N,FVR,,
FWLT.OQ,FWLT,,
FWM.OQ,FWM,,
FWRD.OQ,FWRD,,
FWRG.OQ,FWRG,,
FXEN.O,FXEN,,
FXEN.OQ,FXEN,,
FXLV.PK,FXLV,,
FXNC.OQ,FXNC,,
G.N,G,,
G1HF.TRE,G1HF,,
GABC.OQ,GABC,,
GAIA.O,GAIA,,
GAIA.OQ,GAIA,,
GAIN.OQ,GAIN,,
GALT.OQ,GALT,,
GAMB.OQ,GAMB,,
GAMI.PK,GAMI,,
GAP,GAP,,
GAP.N,GAP,,
GAS.N^G16,GAS,,
GAS^L11,GAS^L11,,
GATEDE.INS,GATEDE,,
GATX.K,GATX,,
GATX.N,GATX,,
GBBK.OQ,GBBK,,
GBCI.K,GBCI,,
GBCI.N,GBCI,,
GBDC.OQ,GBDC,,
GBE.TH,GBE,,
GBFH.OQ,GBFH,,
GBTG.N,GBTG,,
GBTN.BCU,GBTN,,
GBX,GBX,,
GBX.N,GBX,,
GCBC.OQ,GCBC,,
GCI.II,GCI,,
GCI.N,GCI,,
GCMG.OQ,GCMG,,
GCO,GCO,,
GCO.N,GCO,,
GCOM.OQ,GCOM,,
GCT.C,GCT,,
GCT.OQ,GCT,,
GD.N,GD,,
GDDY.N,GDDY,,
GDEN.OQ,GDEN,,
GDI.N,GDI,,
GDOT.N,GDOT,,
GDYN.OQ,GDYN,,
GE.N,GE,,
GEF,GEF,,
GEF.N,GEF,,
GEFB.N,GEFB,,
GEHC.OQ,GEHC,,
GENC.A,GENC,,
GENC.K,GENC,,
GENI.N,GENI,,
GENNQ.PK,GENNQ,,
GENZ.O^D11,GENZ,,
GEO.N,GEO,,
GEOS.OQ,GEOS,,
GEOY.OQ,GEOY,,
GERN.OQ,GERN,,
GERNDE.INS,GERNDE,,
GETI.OQ,GETI,,
GETY.N,GETY,,
GEV.N,GEV,,
GEVA.OQ,GEVA,,
GEVO.OQ,GEVO,,
GFF,GFF,,
GFF.N,GFF,,
GFIG.N,GFIG,,
GFIG.OQ,GFIG,,
GFR.B,GFR,,
GGG.N,GGG,,
GGL.PH,GGL,,
GGP.B,GGP,,
GGS.N,GGS,,
GH.OQ,GH,,
GHC.N,GHC,,
GHCI.OQ,GHCI,,
GHL^L23,GHL,,
GHM,GHM,,
GHM.N,GHM,,
GHS.PH,GHS,,
GI.N,GI,,
GIC.N,GIC,,
GIG.A,GIG,,
GIII.O,GIII,,
GIII.OQ,GIII,,
GILD.OQ,GILD,,
GIMO.N,GIMO,,
GIS.N,GIS,,
GK.OQ,GK,,
GKNT.OQ,GKNT,,
GKOS.N,GKOS,,
GLAD.OQ,GLAD,,
GLBC.O,GLBC,,
GLBL.OQ,GLBL,,
GLDD.O,GLDD,,
GLDD.OQ,GLDD,,
GLDNDE.INS,GLDNDE,,
GLF.N,GLF,,
GLNG.O,GLNG,,
GLNG.OQ,GLNG,,
GLOB.N,GLOB,,
GLPI.OQ,GLPI,,
GLRE.OQ,GLRE,,
GLSI.OQ,GLSI,,
GLUE.OQ,GLUE,,
GLUUN.BCU,GLUUN,,
GLW.N,GLW,,
GM.N,GM,,
GMAN.OQ,GMAN,,
GMCR.OQ,GMCR,,
GME.N,GME,,
GME.P,GME,,
GMED.N,GMED,,
GMGI.OQ,GMGI,,
GMO.C,GMO,,
GMR.C,GMR,,
GMRK.OQ,GMRK,,
GMSTFDE.INS,GMSTFDE,,
GMTN.O,GMTN,,
GMXR.O,GMXR,,
GNC.N,GNC,,
GNE.N,GNE,,
GNK.N,GNK,,
GNL.N,GNL,,
GNLN.OQ,GNLN,,
GNRC.N,GNRC,,
GNRT.N,GNRT,,
GNSS.O,GNSS,,
GNTX.OQ,GNTX,,
GNW.II,GNW,,
GNW.N,GNW,,
GO.OQ,GO,,
GOCO.OQ,GOCO,,
GOGO.OQ,GOGO,,
GOK.A,GOK,,
GOLD.K,GOLD,,
GOLD.N,GOLD,,
GOLF.N,GOLF,,
GOOD.OQ,GOOD,,
GOOG.OQ,GOOG,,
GOOGL.OQ,GOOGL,,
GORO.A,GORO,,
GOSS.OQ,GOSS,,
GPC.II,GPC,,
GPC.N,GPC,,
GPGI.N,GPGI,,
GPI,GPI,,
GPI.N,GPI,,
GPK.N,GPK,,
GPMT.N,GPMT,,
GPN.N,GPN,,
GPOR.N,GPOR,,
GPRE.OQ,GPRE,,
GPRO.OQ,GPRO,,
GPRO.O^H12,GPRO,,
GR.II,GR,,
GR.N,GR,,
GRAL.OQ,GRAL,,
GRBK.K,GRBK,,
GRBK.N,GRBK,,
GRC,GRC,,
GRC.N,GRC,,
GRDN.N,GRDN,,
GRMN.K,GRMN,,
GRMN.N,GRMN,,
GRND.N,GRND,,
GRNT.N,GRNT,,
GROW.O,GROW,,
GRPN.OQ,GRPN,,
GRT.B,GRT,,
GRT.N,GRT,,
GRWG.OQ,GRWG,,
GRZ.A,GRZ,,
GS.N,GS,,
GSAT.OQ,GSAT,,
GSBC.OQ,GSBC,,
GSE.N,GSE,,
GSHD.OQ,GSHD,,
GSIT.OQ,GSIT,,
GSM.OQ,GSM,,
GSOL.OQ,GSOL,,
GSOL.P,GSOL,,
GT.O,GT,,
GT.OQ,GT,,
GTAT.OQ,GTAT,,
GTBP.OQ,GTBP,,
GTI.B,GTI,,
GTIV.OQ,GTIV,,
GTLS.K,GTLS,,
GTLS.N,GTLS,,
GTM.OQ,GTM,,
GTN,GTN,,
GTN.N,GTN,,
GTRC.OQ,GTRC,,
GTX.OQ,GTX,,
GTY,GTY,,
GTY.N,GTY,,
GUID.OQ,GUID,,
GVA,GVA,,
GVA.N,GVA,,
GVHR.OQ,GVHR,,
GW.II,GW,,
GWAY.N,GWAY,,
GWRE.N,GWRE,,
GWRS.OQ,GWRS,,
GWR^L19,GWR^L19,,
GWW.II,GWW,,
GWW.N,GWW,,
GXO.N,GXO,,
GXP.N^F18,GXP,,
GYRE.OQ,GYRE,,
GYRO.OQ,GYRO,,
H.N,H,,
HABT.OQ,HABT,,
HAE,HAE,,
HAE.N,HAE,,
HAFC.OQ,HAFC,,
HAIN.OQ,HAIN,,
HAL.N,HAL,,
HALO.OQ,HALO,,
HALW.N,HALW,,
HAN.BCU,HAN,,
HAR.II,HAR,,
HAR.N,HAR,,
HAS.O,HAS,,
HAS.OQ,HAS,,
HASI.N,HASI,,
HBAN.II,HBAN,,
HBAN.OQ,HBAN,,
HBB.N,HBB,,
HBCP.OQ,HBCP,,
HBIO.OQ,HBIO,,
HBNC.OQ,HBNC,,
HBOS.OQ,HBOS,,
HBT.OQ,HBT,,
HC.B,HC,,
HCA.N,HCA,,
HCAT.OQ,HCAT,,
HCBK.OQ,HCBK,,
HCC.N,HCC,,
HCI.N,HCI,,
HCKT.OQ,HCKT,,
HCSG.OQ,HCSG,,
HD.N,HD,,
HDSN.OQ,HDSN,,
HDWRDE.INS,HDWRDE,,
HE.N,HE,,
HEI,HEI,,
HEI.N,HEI,,
HEIA.N,HEIA,,
HELE.OQ,HELE,,
HEOP.OQ,HEOP,,
HERO.OQ,HERO,,
HES.II,HES,,
HES.MX,HES,,
HFFG.OQ,HFFG,,
HFWA.OQ,HFWA,,
HG.N,HG,,
HGG.N,HGG,,
HGR.N,HGR,,
HGSIDE.INS,HGSIDE,,
HGV.N,HGV,,
HIFS.OQ,HIFS,,
HIG.N,HIG,,
HIH.B,HIH,,
HII.N,HII,,
HIMS.N,HIMS,,
HIPO.N,HIPO,,
HITK.OQ,HITK,,
HITT.OQ,HITT,,
HIVE.N,HIVE,,
HIW,HIW,,
HIW.N,HIW,,
HK.N,HK,,
HL.N,HL,,
HLDE.INS,HLDE,,
HLEX.OQ,HLEX,,
HLF.N,HLF,,
HLI.N,HLI,,
HLIO.K,HLIO,,
HLIO.N,HLIO,,
HLIT.O,HLIT,,
HLIT.OQ,HLIT,,
HLLY.N,HLLY,,
HLMN.OQ,HLMN,,
HLNE.OQ,HLNE,,
HLSS.OQ,HLSS,,
HLT.N,HLT,,
HLX.N,HLX,,
HLYS.OQ,HLYS,,
HMA,HMA,,
HMA^A14,HMA,,
HME.B,HME,,
HME.N,HME,,
HMN,HMN,,
HMN.N,HMN,,
HMPR.OQ,HMPR,,
HMSYN.BCU,HMSYN,,
HNBC.OQ,HNBC,,
HNH.OQ,HNH,,
HNI.N,HNI,,
HNNA.OQ,HNNA,,
HNR.B,HNR,,
HNR.N,HNR,,
HNRG.OQ,HNRG,,
HNSN.OQ,HNSN,,
HNST.OQ,HNST,,
HNT.N,HNT,,
HNVR.OQ,HNVR,,
HNZ.N,HNZ,,
HOFF.OQ,HOFF,,
HOFT.O,HOFT,,
HOFT.OQ,HOFT,,
HOG.N,HOG,,
HOLX.OQ,HOLX,,
HOMB.K,HOMB,,
HOMB.N,HOMB,,
HOME.OQ,HOME,,
HON.O,HON,,
HON.OQ,HON,,
HOOD.OQ,HOOD,,
HOPE.OQ,HOPE,,
HOS.C,HOS,,
HOT.II,HOT,,
HOT^I16,HOT^I16,,
HOV.N,HOV,,
HOWL.OQ,HOWL,,
HP.N,HP,,
HP5AMU.TRE,HP5AMU,,
HPC.B,HPC,,
HPE.N,HPE,,
HPK.OQ,HPK,,
HPOL.OQ,HPOL,,
HPP.N,HPP,,
HPQ.N,HPQ,,
HPRF.TPRM,HPRF,,
HPY.N,HPY,,
HPY.PH,HPY,,
HQI.OQ,HQI,,
HQY.OQ,HQY,,
HR.N,HR,,
HRB.II,HRB,,
HRB.N,HRB,,
HRC^L21,HRC,,
HRH.B,HRH,,
HRI.N,HRI,,
HRL.N,HRL,,
HRMY.OQ,HRMY,,
HROW.OQ,HROW,,
HRTG.N,HRTG,,
HRTX.OQ,HRTX,,
HRZB.OQ,HRZB,,
HRZN.OQ,HRZN,,
HSHP.OL,HSHP,,
HSH_W.N^F12,HSH,,
HSIBE.TRE,HSIBE,,
HSIC.OQ,HSIC,,
HSNI.OQ,HSNI,,
HSOA.O,HSOA,,
HSP.B,HSP,,
HSP.N,HSP,,
HST.O,HST,,
HSTM.OQ,HSTM,,
HSY.II,HSY,,
HSY.N,HSY,,
HTB,HTB,,
HTB.N,HTB,,
HTBK.OQ,HTBK,,
HTCDE.INS,HTCDE,,
HTCHDE.INS,HTCHDE,,
HTFL.OQ,HTFL,,
HTGC.N,HTGC,,
HTH.N,HTH,,
HTLD.OQ,HTLD,,
HTO.O,HTO,,
HTO.OQ,HTO,,
HTS.N,HTS,,
HTSI.N,HTSI,,
HTWR.OQ,HTWR,,
HTZ.N,HTZ,,
HTZ.OQ,HTZ,,
HUBB.N,HUBB,,
HUBG.OQ,HUBG,,
HUBS.N,HUBS,,
HUGH.O,HUGH,,
HUM.II,HUM,,
HUM.N,HUM,,
HUMA.OQ,HUMA,,
HURA.OQ,HURA,,
HURC.OQ,HURC,,
HURN.OQ,HURN,,
HUT.OQ,HUT,,
HVB.N,HVB,,
HVT,HVT,,
HVT.N,HVT,,
HW.N,HW,,
HWBK.OQ,HWBK,,
HWC.O,HWC,,
HWC.OQ,HWC,,
HWKN.OQ,HWKN,,
HWM.N,HWM,,
HXL,HXL,,
HXL.N,HXL,,
HY.N,HY,,
HYFM.OQ,HYFM,,
HYLN.A,HYLN,,
HYLN.K,HYLN,,
HYREQ.PK,HYREQ,,
HYTM.O,HYTM,,
HZO,HZO,,
HZO.N,HZO,,
I.N,I,,
I3BF.TBEA,I3BF,,
I8RD.BCU,I8RD,,
IAC.OQ,IAC,,
IART.OQ,IART,,
IARTDE.INS,IARTDE,,
IBAS.O,IBAS,,
IBCP.OQ,IBCP,,
IBEX.O,IBEX,,
IBI.C,IBI,,
IBI.N,IBI,,
IBKC.OQ,IBKC,,
IBKR.O,IBKR,,
IBM.N,IBM,,
IBOC.OQ,IBOC,,
IBP.N,IBP,,
IBRX.OQ,IBRX,,
IBTA.N,IBTA,,
ICE.N,ICE,,
ICFI.OQ,ICFI,,
ICHR.OQ,ICHR,,
ICO.II,ICO,,
ICTG.O,ICTG,,
ICUI.OQ,ICUI,,
IDA,IDA,,
IDA.N,IDA,,
IDCC.OQ,IDCC,,
IDCODE.INS,IDCODE,,
IDEVDE.INS,IDEVDE,,
IDIX.O,IDIX,,
IDIX.OQ,IDIX,,
IDR.A,IDR,,
IDT.N,IDT,,
IDTI.O,IDTI,,
IDTI.O^D19,IDTI,,
IDXX.OQ,IDXX,,
IDYA.OQ,IDYA,,
IE.A,IE,,
IESC.O,IESC,,
IESC.OQ,IESC,,
IEX,IEX,,
IEX.N,IEX,,
IFC.C,IFC,,
IFF.II,IFF,,
IFF.N,IFF,,
IFLO.O,IFLO,,
IFOX.O,IFOX,,
IGT.II,IGT,,
IGT.N,IGT,,
IGTE.O,IGTE,,
IGTE.OQ,IGTE,,
IHRT.OQ,IHRT,,
IHS.PH,IHS,,
IIG.PH,IIG,,
III.OQ,III,,
IIIN.K,IIIN,,
IIIN.N,IIIN,,
IIIV.OQ,IIIV,,
IIPR.N,IIPR,,
IKN.B,IKN,,
IKT.OQ,IKT,,
IL.N,IL,,
ILA.B,ILA,,
ILMN.O,ILMN,,
ILMN.OQ,ILMN,,
ILPT.OQ,ILPT,,
IM.N,IM,,
IMA.B,IMA,,
IMAX.N,IMAX,,
IMKTA.O,IMKTA,,
IMKTA.OQ,IMKTA,,
IMMR.O,IMMR,,
IMMR.OQ,IMMR,,
IMMUDE.INS,IMMUDE,,
IMMUN.BCU,IMMUN,,
IMNM.OQ,IMNM,,
IMP.TH,IMP,,
IMPM.PK,IMPM,,
IMPR.N,IMPR,,
IMRX.OQ,IMRX,,
IMUX.OQ,IMUX,,
IMVT.OQ,IMVT,,
IMXI.OQ,IMXI,,
IN.B,IN,,
IN.N,IN,,
INAP.O,INAP,,
INAP.OQ,INAP,,
INBK.OQ,INBK,,
INBX.OQ,INBX,,
INCY.OQ,INCY,,
INCYDE.INS,INCYDE,,
INDB.OQ,INDB,,
INDI.OQ,INDI,,
INDM.O,INDM,,
INDV.OQ,INDV,,
INFA.OQ,INFA,,
INFIQ.PK,INFIQ,,
INFNN.BCU,INFNN,,
INFO.K^B22,INFO,,
INFU.A,INFU,,
INFY.K,INFY,,
INGN.OQ,INGN,,
INGR.N,INGR,,
ININ.O,ININ,,
ININ.OQ,ININ,,
INMB.OQ,INMB,,
INN.N,INN,,
INNV.OQ,INNV,,
INO.OQ,INO,,
INOD.OQ,INOD,,
INPC.OQ,INPC,,
INR.N,INR,,
INSE.OQ,INSE,,
INSG.OQ,INSG,,
INSM.OQ,INSM,,
INSP.N,INSP,,
INSPDDE.INS,INSPDDE,,
INST.N,INST,,
INSW.N,INSW,,
INSY.OQ,INSY,,
INTA.OQ,INTA,,
INTC.OQ,INTC,,
INTL.OQ,INTL,,
INTU.OQ,INTU,,
INV.OQ,INV,,
INVA.OQ,INVA,,
INVE.OQ,INVE,,
INVN.N,INVN,,
INVX.N,INVX,,
IODE.INS,IODE,,
IONQ.N,IONQ,,
IOSP.O,IOSP,,
IOSP.OQ,IOSP,,
IOT.N,IOT,,
IOTN.O,IOTN,,
IOTS.OQ,IOTS,,
IOVA.OQ,IOVA,,
IP.N,IP,,
IPAR.OQ,IPAR,,
IPCM.OQ,IPCM,,
IPCR.OQ,IPCR,,
IPCS.O,IPCS,,
IPG.II,IPG,,
IPGP.O,IPGP,,
IPGP.OQ,IPGP,,
IPI.N,IPI,,
IPSC.NQT,IPSC,,
IPSU.O,IPSU,,
IPX.C,IPX,,
IQNT.OQ,IQNT,,
IQV.N,IQV,,
IR.II,IR,,
IR.N,IR,,
IRC.C,IRC,,
IRC.N,IRC,,
IRDM.OQ,IRDM,,
IRF.N,IRF,,
IRG.OQ,IRG,,
IRIS.OQ,IRIS,,
IRIX.OQ,IRIX,,
IRM.N,IRM,,
IRMD.OQ,IRMD,,
IRON.OQ,IRON,,
IRT,IRT,,
IRT.N,IRT,,
IRTC.OQ,IRTC,,
IRWD.OQ,IRWD,,
ISCA.OQ,ISCA,,
ISE.B,ISE,,
ISEE.O^G23,ISEE,,
ISH.N,ISH,,
ISIL.OQ,ISIL,,
ISLE.OQ,ISLE,,
ISPR.OQ,ISPR,,
ISRG.OQ,ISRG,,
ISSC.OQ,ISSC,,
ISSI.OQ,ISSI,,
ISTR.OQ,ISTR,,
IT,IT,,
IT.N,IT,,
ITGR.N,ITGR,,
ITIC.OQ,ITIC,,
ITMN.O,ITMN,,
ITMN.OQ,ITMN,,
ITRI.OQ,ITRI,,
ITT.II,ITT,,
ITT.N,ITT,,
ITW.II,ITW,,
ITW.N,ITW,,
IUSA.OQ,IUSA,,
IVR.N,IVR,,
IVT.N,IVT,,
IVVD.O,IVVD,,
IVZ.N,IVZ,,
IWA.C,IWA,,
IWOV.O,IWOV,,
JACK.OQ,JACK,,
JAH.N,JAH,,
JAKK.OQ,JAKK,,
JANX.OQ,JANX,,
JAS.B,JAS,,
JAV.PH,JAV,,
JAVA.MW,JAVA,,
JAZZ.OQ,JAZZ,,
JBGS.N,JBGS,,
JBHT.OQ,JBHT,,
JBI.N,JBI,,
JBIO.OQ,JBIO,,
JBL.N,JBL,,
JBLU.OQ,JBLU,,
JBSS.OQ,JBSS,,
JBTM.K,JBTM,,
JBTM.N,JBTM,,
JBXW.B,JBXW,,
JCAP.N,JCAP,,
JCAP.OQ,JCAP,,
JCG.PH,JCG,,
JCG^C11,JCG^C11,,
JCI.II,JCI,,
JCI.N,JCI,,
JCP.II,JCP,,
JCP.N,JCP,,
JD.OQ,JD,,
JEF.N,JEF,,
JELD.N,JELD,,
JGW.N,JGW,,
JHG.N,JHG,,
JILL.N,JILL,,
JIVE.OQ,JIVE,,
JJSF.OQ,JJSF,,
JKHY.OQ,JKHY,,
JLL.N,JLL,,
JMG.N,JMG,,
JMSB.OQ,JMSB,,
JNJ.N,JNJ,,
JNPR.MX,JNPR,,
JNPR.OQ,JNPR,,
JNS.II,JNS,,
JNS.N,JNS,,
JNY.II,JNY,,
JNY.N,JNY,,
JOBY.N,JOBY,,
JOE.N,JOE,,
JONE.N,JONE,,
JOSB.OQ,JOSB,,
JOSB.P,JOSB,,
JOUT.OQ,JOUT,,
JOY.N,JOY,,
JOY^D17,JOY^D17,,
JPM.N,JPM,,
JRN.B,JRN,,
JRN.N,JRN,,
JRT.N,JRT,,
JRVR.OQ,JRVR,,
JSDA.II,JSDA,,
JWN.MX,JWN,,
JXN.N,JXN,,
JYNT.OQ,JYNT,,
K.II,K,,
K.MX,K,,
KAI,KAI,,
KAI.N,KAI,,
KALA.OQ,KALA,,
KALU.OQ,KALU,,
KALV.OQ,KALV,,
KATE.N,KATE,,
KBH.N,KBH,,
KBR.N,KBR,,
KCG.N,KCG,,
KCI^K11,KCI^K11,,
KCLI.OQ,KCLI,,
KCP.B,KCP,,
KCP.N,KCP,,
KD.N,KD,,
KDN.B,KDN,,
KDN.N,KDN,,
KDP.OQ,KDP,,
KDX.TO,KDX,,
KE.OQ,KE,,
KED.N,KED,,
KEG.N,KEG,,
KEI.TO,KEI,,
KELYA.OQ,KELYA,,
KEM.B,KEM,,
KERX.O,KERX,,
KERX.OQ,KERX,,
KEX.N,KEX,,
KEY.II,KEY,,
KEY.N,KEY,,
KEYN.O,KEYN,,
KEYN.OQ,KEYN,,
KEYS.N,KEYS,,
KEYS.OQ,KEYS,,
KEYW.OQ,KEYW,,
KFED.O,KFED,,
KFRC.K,KFRC,,
KFRC.N,KFRC,,
KFS.N,KFS,,
KFY,KFY,,
KFY.N,KFY,,
KG.II,KG,,
KG.OQ,KG,,
KGS.N,KGS,,
KHC.OQ,KHC,,
KIDS.OQ,KIDS,,
KIM,KIM,,
KIM.N,KIM,,
KINS.OQ,KINS,,
KIOR.OQ,KIOR,,
KITE.OQ,KITE,,
KKD.II,KKD,,
KKD.N,KKD,,
KKR.N,KKR,,
KLAC.OQ,KLAC,,
KLC.N,KLC,,
KLDO.PK,KLDO,,
KLIC.OQ,KLIC,,
KLICDE.INS,KLICDE,,
KLTR.OQ,KLTR,,
KLXE.OQ,KLXE,,
KLXIN.BCU,KLXIN,,
KMB.O,KMB,,
KMI.N,KMI,,
KMPR.N,KMPR,,
KMRT.F^C05,KMRT,,
KMT.N,KMT,,
KMTS.OQ,KMTS,,
KMX.N,KMX,,
KN.N,KN,,
KNBT.O,KNBT,,
KND.PH,KND,,
KND^G18,KND^G18,,
KNF.N,KNF,,
KNSA.OQ,KNSA,,
KNSL.K,KNSL,,
KNSL.N,KNSL,,
KNTK.K,KNTK,,
KNTK.N,KNTK,,
KNX.N,KNX,,
KO.N,KO,,
KO.W,KO,,
KOD.OQ,KOD,,
KODK.N,KODK,,
KOG.N,KOG,,
KOMG.OQ,KOMG,,
KOP,KOP,,
KOP.N,KOP,,
KOPN.OQ,KOPN,,
KOS.N,KOS,,
KOSN.O,KOSN,,
KPA.B,KPA,,
KPTI.OQ,KPTI,,
KR.N,KR,,
KRC.N,KRC,,
KREF.N,KREF,,
KRG.N,KRG,,
KRMD.OQ,KRMD,,
KRNY.OQ,KRNY,,
KRO,KRO,,
KRO.N,KRO,,
KROS.OQ,KROS,,
KRRO.OQ,KRRO,,
KRT.O,KRT,,
KRT.OQ,KRT,,
KRTX.MX,KRTX,,
KRUS.OQ,KRUS,,
KRYS.OQ,KRYS,,
KS.N,KS,,
KSS.II,KSS,,
KSS.N,KSS,,
KSU^L21,KSU,,
KTB.N,KTB,,
KTCC.OQ,KTCC,,
KTO.B,KTO,,
KTOS.OQ,KTOS,,
KULR.A,KULR,,
KURA.OQ,KURA,,
KVHI.OQ,KVHI,,
KW.N,KW,,
KWD.B,KWD,,
KWK.N,KWK,,
KWR.N,KWR,,
KYG7T16G1039.TRE,KYG7T16G1039,,
KYMR.OQ,KYMR,,
KYPH.OQ,KYPH,,
KZR.OQ,KZR,,
L.N,L,,
LAB.O,LAB,,
LAB.OQ,LAB,,
LAD,LAD,,
LAD.N,LAD,,
LADR.N,LADR,,
LAKE.OQ,LAKE,,
LAMR.OQ,LAMR,,
LAND.OQ,LAND,,
LARK.OQ,LARK,,
LASR.OQ,LASR,,
LAUR.OQ,LAUR,,
LAW.N,LAW,,
LAZ.N,LAZ,,
LB.N,LB,,
LBRDK.OQ,LBRDK,,
LBRT.N,LBRT,,
LBRX.OQ,LBRX,,
LBTYA.OQ,LBTYA,,
LBTYK.OQ,LBTYK,,
LBY.A,LBY,,
LBY.B,LBY,,
LC.N,LC,,
LCAV.OQ,LCAV,,
LCC.N,LCC,,
LCII.N,LCII,,
LCNB.OQ,LCNB,,
LCTX.A,LCTX,,
LCUT.OQ,LCUT,,
LDG.B,LDG,,
LDI.N,LDI,,
LDOS.N,LDOS,,
LDR.B,LDR,,
LDR.N,LDR,,
LDRH.OQ,LDRH,,
LE.OQ,LE,,
LEA.N,LEA,,
LEAP.OQ,LEAP,,
LECO.OQ,LECO,,
LEDR.OQ,LEDR,,
LEG.II,LEG,,
LEG.N,LEG,,
LEGH.OQ,LEGH,,
LEH.N,LEH,,
LEN.II,LEN,,
LEN.N,LEN,,
LEND.OQ,LEND,,
LENZ.OQ,LENZ,,
LEU,LEU,,
LEU.N,LEU,,
LF.N,LF,,
LF.PH,LF,,
LFCR.O,LFCR,,
LFCR.OQ,LFCR,,
LFG.B,LFG,,
LFMD.OQ,LFMD,,
LFST.OQ,LFST,,
LFT.N,LFT,,
LFUS.OQ,LFUS,,
LFVN.OQ,LFVN,,
LGFB.N^E25,LGFB,,
LGIH.OQ,LGIH,,
LGN.C,LGN,,
LGN.OQ,LGN,,
LGND.OQ,LGND,,
LGNDDE.INS,LGNDDE,,
LH.II,LH,,
LH.N,LH,,
LHO.C,LHO,,
LHO^L18,LHO^L18,,
LIF.OQ,LIF,,
LIFC.OQ,LIFC,,
LIFE.OQ,LIFE,,
LII.N,LII,,
LILA.OQ,LILA,,
LILAK.OQ,LILAK,,
LIN.OQ,LIN,,
LINC.O,LINC,,
LINC.OQ,LINC,,
LIND.OQ,LIND,,
LION.N,LION,,
LIOX.O,LIOX,,
LIOX.OQ,LIOX,,
LITE.OQ,LITE,,
LIVN.L,LIVN,,
LIVN.OQ,LIVN,,
LIZ.II,LIZ,,
LKFN.OQ,LKFN,,
LKQ.O,LKQ,,
LKQ.OQ,LKQ,,
LLEX.A,LLEX,,
LLL.II,LLL,,
LLTC.O^C17,LLTC,,
LLY.N,LLY,,
LM.II,LM,,
LM.N,LM,,
LMAT.OQ,LMAT,,
LMB.OQ,LMB,,
LMCA.OQ,LMCA,,
LMCK.OQ,LMCK,,
LMIA.OQ,LMIA,,
LMND.N,LMND,,
LMNR.OQ,LMNR,,
LMOS.OQ,LMOS,,
LMS.B,LMS,,
LMT.N,LMT,,
LNC.II,LNC,,
LNC.N,LNC,,
LNCE.O^C18,LNCE,,
LNCR.O^H12,LNCR,,
LNG,LNG,,
LNKB.OQ,LNKB,,
LNKD.N,LNKD,,
LNN,LNN,,
LNN.N,LNN,,
LNSR.OQ,LNSR,,
LNT.O,LNT,,
LNTH.OQ,LNTH,,
LNUXDE.INS,LNUXDE,,
LNWO.PK,LNWO,,
LNY.B,LNY,,
LO.N,LO,,
LOB,LOB,,
LOB.N,LOB,,
LOCK.N,LOCK,,
LOCO.OQ,LOCO,,
LOGM.OQ,LOGM,,
LOGN.S,LOGN,,
LOJN.OQ,LOJN,,
LOPE.OQ,LOPE,,
LOV.A,LOV,,
LOVE.OQ,LOVE,,
LOW.N,LOW,,
LP40189075,LP40189075,,
LP40189077,LP40189077,,
LP40190665,LP40190665,,
LPCN.OQ,LPCN,,
LPG.N,LPG,,
LPLA.OQ,LPLA,,
LPNT.OQ,LPNT,,
LPRO.OQ,LPRO,,
LPSN.O,LPSN,,
LPSN.OQ,LPSN,,
LPS^A14,LPS,,
LPT.N,LPT,,
LPT.N^B20,LPT,,
LPX.N,LPX,,
LQDA.OQ,LQDA,,
LQDT.O,LQDT,,
LQDT.OQ,LQDT,,
LRCX.OQ,LRCX,,
LRMR.OQ,LRMR,,
LRN.N,LRN,,
LRW.B,LRW,,
LSAK.O,LSAK,,
LSBG.OQ,LSBG,,
LSCC.O,LSCC,,
LSCC.OQ,LSCC,,
LSE.C,LSE,,
LSE.N,LSE,,
LSF.A,LSF,,
LSI.O^E14,LSI,,
LSTR.OQ,LSTR,,
LTBG.OQ,LTBG,,
LTBR.OQ,LTBR,,
LTC,LTC,,
LTC.N,LTC,,
LTH.N,LTH,,
LTM.C,LTM,,
LTM.N,LTM,,
LTR.II,LTR,,
LTS.B,LTS,,
LTXX.O,LTXX,,
LUCD.OQ,LUCD,,
LUFK.OQ,LUFK,,
LULU.OQ,LULU,,
LUM.B,LUM,,
LUMN.N,LUMN,,
LUNA.PK,LUNA,,
LUNG.O,LUNG,,
LUNG.OQ,LUNG,,
LUNR.OQ,LUNR,,
LUV.II,LUV,,
LUV.N,LUV,,
LVB.B,LVB,,
LVB.N,LVB,,
LVLT.N,LVLT,,
LVNTA.O^C18,LVNTA,,
LVO.OQ,LVO,,
LVWR.N,LVWR,,
LW.N,LW,,
LWAY.OQ,LWAY,,
LWSNF.INS,LWSNF,,
LXEO.OQ,LXEO,,
LXFR.N,LXFR,,
LXFT.N,LXFT,,
LXK.N,LXK,,
LXP.N,LXP,,
LXRX.OQ,LXRX,,
LXU,LXU,,
LXU.N,LXU,,
LYB.N,LYB,,
LYEL.OQ,LYEL,,
LYFT.OQ,LYFT,,
LYTS.OQ,LYTS,,
LYV,LYV,,
LYV.N,LYV,,
LZ.OQ,LZ,,
LZB,LZB,,
LZB.N,LZB,,
LZM.N,LZM,,
LZ^I11,LZ^I11,,
M,M,,
M.N,M,,
MA.N,MA,,
MAA,MAA,,
MAA.N,MAA,,
MAC.N,MAC,,
MAFB.OQ,MAFB,,
MAGN.N,MAGN,,
MAIN.N,MAIN,,
MAKO.OQ,MAKO,,
MAMA.OQ,MAMA,,
MAN.N,MAN,,
MANH.OQ,MANH,,
MANT.O^I22,MANT,,
MAPS.OQ,MAPS,,
MAQ.PH,MAQ,,
MAR.II,MAR,,
MAR.O,MAR,,
MAR.OQ,MAR,,
MARA.OQ,MARA,,
MAS.II,MAS,,
MAS.N,MAS,,
MASI.OQ,MASI,,
MASS.OQ,MASS,,
MAT.OQ,MAT,,
MATR.OQ,MATR,,
MATV.K,MATV,,
MATV.N,MATV,,
MATW.OQ,MATW,,
MATX.N,MATX,,
MATX_W.N,MATX,,
MAX.N,MAX,,
MAXY.OQ,MAXY,,
MAXYDE.INS,MAXYDE,,
MAZE.OQ,MAZE,,
MBC.N,MBC,,
MBCN.OQ,MBCN,,
MBFI.OQ,MBFI,,
MBHI.O,MBHI,,
MBI.II,MBI,,
MBI.N,MBI,,
MBIN.OQ,MBIN,,
MBIO.OQ,MBIO,,
MBLY.N,MBLY,,
MBRG.OQ,MBRG,,
MBUU.OQ,MBUU,,
MBVT.OQ,MBVT,,
MBWM.OQ,MBWM,,
MBX.OQ,MBX,,
MC.N,MC,,
MCB.N,MCB,,
MCBI.OQ,MCBI,,
MCBS.OQ,MCBS,,
MCD.N,MCD,,
MCFT.OQ,MCFT,,
MCGC.OQ,MCGC,,
MCHB.O,MCHB,,
MCHB.OQ,MCHB,,
MCHP.OQ,MCHP,,
MCHX.O,MCHX,,
MCHX.OQ,MCHX,,
MCK.II,MCK,,
MCK.N,MCK,,
MCO.II,MCO,,
MCO.N,MCO,,
MCRB.OQ,MCRB,,
MCRI.OQ,MCRI,,
MCRL.OQ,MCRL,,
MCRN.N,MCRN,,
MCRS.O^I14,MCRS,,
MCS,MCS,,
MCS.N,MCS,,
MCW.OQ,MCW,,
MCY.N,MCY,,
MD.N,MD,,
MDAS.OQ,MDAS,,
MDB.OQ,MDB,,
MDC^D24,MDC,,
MDGL.OQ,MDGL,,
MDLZ.OQ,MDLZ,,
MDP.II,MDP,,
MDP^L21,MDP,,
MDRX.PK,MDRX,,
MDT.N,MDT,,
MDTH.O,MDTH,,
MDTL.O,MDTL,,
MDU.N,MDU,,
MDV.N,MDV,,
MDVN.P,MDVN,,
MDWD.OQ,MDWD,,
MDXG.OQ,MDXG,,
MDZA.TO,MDZA,,
ME.N,ME,,
ME.PH,ME,,
MEA.A,MEA,,
MEAS.O,MEAS,,
MEAS.OQ,MEAS,,
MEC.N,MEC,,
MECA.O,MECA,,
MED.N,MED,,
MEDP.OQ,MEDP,,
MEDW.OQ,MEDW,,
MEDXDE.INS,MEDXDE,,
MEET.OQ,MEET,,
MEE^F11,MEE^F11,,
MEG.B,MEG,,
MEG.N,MEG,,
MEH.B,MEH,,
MEI.N,MEI,,
MELI.OQ,MELI,,
MEND.O,MEND,,
MENT.O^C17,MENT,,
MENTDE.INS,MENTDE,,
MERC.O,MERC,,
MESG.OQ,MESG,,
MET.II,MET,,
MET.N,MET,,
META.O,META,,
META.OQ,META,,
METC.OQ,METC,,
METH.OQ,METH,,
METR.OQ,METR,,
MFA.N,MFA,,
MFB.N,MFB,,
MFB.PH,MFB,,
MFE^C11,MFE^C11,,
MFI.OQ,MFI,,
MFIN.O,MFIN,,
MFIN.OQ,MFIN,,
MFLX.OQ,MFLX,,
MFRM.OQ,MFRM,,
MFSF.OQ,MFSF,,
MG.N,MG,,
MGAM.OQ,MGAM,,
MGEE.OQ,MGEE,,
MGM.N,MGM,,
MGNI.OQ,MGNI,,
MGNX.OQ,MGNX,,
MGPI.O,MGPI,,
MGPI.OQ,MGPI,,
MGRC.OQ,MGRC,,
MGTX.OQ,MGTX,,
MGY.N,MGY,,
MH.N,MH,,
MHGC.O,MHGC,,
MHGC.OQ,MHGC,,
MHK.N,MHK,,
MHO,MHO,,
MHO.N,MHO,,
MHP.II,MHP,,
MHR.N,MHR,,
MHS.II,MHS,,
MHS^D12,MHS^D12,,
MIAX.N,MIAX,,
MIDD.OQ,MIDD,,
MIG.C,MIG,,
MIG.N,MIG,,
MIKN.BCU,MIKN,,
MIL.II,MIL,,
MILL.N,MILL,,
MIND.OQ,MIND,,
MINI.OQ,MINI,,
MIPS.O,MIPS,,
MIPS.OQ,MIPS,,
MIR.N,MIR,,
MIRM.OQ,MIRM,,
MITK.OQ,MITK,,
MITT.N,MITT,,
MI^G11,MI^G11,,
MJN.N,MJN,,
MKC.II,MKC,,
MKC.N,MKC,,
MKL.N,MKL,,
MKSI.OQ,MKSI,,
MKTG.OQ,MKTG,,
MKTO.OQ,MKTO,,
MKTW.OQ,MKTW,,
MKTX.OQ,MKTX,,
MLAB.OQ,MLAB,,
MLAN.OQ,MLAN,,
MLI,MLI,,
MLI.N,MLI,,
MLKN.O,MLKN,,
MLKN.OQ,MLKN,,
MLM.N,MLM,,
MLP,MLP,,
MLP.N,MLP,,
MLR,MLR,,
MLR.N,MLR,,
MLYS.OQ,MLYS,,
MM.MW,MM,,
MMI.N,MMI,,
MMM.N,MMM,,
MMPI.O,MMPI,,
MMR.B,MMR,,
MMR.N,MMR,,
MMS,MMS,,
MMS.N,MMS,,
MMSI.OQ,MMSI,,
MNC.B,MNC,,
MNK.N,MNK,,
MNKD.O,MNKD,,
MNKD.OQ,MNKD,,
MNOV.OQ,MNOV,,
MNPR.OQ,MNPR,,
MNRO.OQ,MNRO,,
MNSB.OQ,MNSB,,
MNST.II,MNST,,
MNST.OQ,MNST,,
MNT.B,MNT,,
MNTG.II,MNTG,,
MNTK.OQ,MNTK,,
MO.N,MO,,
MOD,MOD,,
MOD.N,MOD,,
MOGA,MOGA,,
MOGA.N,MOGA,,
MOH,MOH,,
MOH.N,MOH,,
MOLX.O^L13,MOLX,,
MOLXF.INS,MOLXF,,
MON^F18,MON^F18,,
MORE.N,MORE,,
MORN.OQ,MORN,,
MOS.N,MOS,,
MOTC.BR^I08,MOTC,,
MOV,MOV,,
MOV.N,MOV,,
MOVE.OQ,MOVE,,
MP.N,MP,,
MPAA.OQ,MPAA,,
MPB.OQ,MPB,,
MPC.N,MPC,,
MPG.B,MPG,,
MPG.N,MPG,,
MPLT.OQ,MPLT,,
MPO.N,MPO,,
MPR.N,MPR,,
MPS.B,MPS,,
MPS.N,MPS,,
MPSX.N,MPSX,,
MPT,MPT,,
MPTI.A,MPTI,,
MPWR.O,MPWR,,
MPWR.OQ,MPWR,,
MPX,MPX,,
MPX.N,MPX,,
MQ.OQ,MQ,,
MRBK.OQ,MRBK,,
MRCY.OQ,MRCY,,
MRCYDE.INS,MRCYDE,,
MRGE.OQ,MRGE,,
MRH.MW,MRH,,
MRH.N,MRH,,
MRK.II,MRK,,
MRK.N,MRK,,
MRKR.OQ,MRKR,,
MRNA.OQ,MRNA,,
MRNS.MX,MRNS,,
MRO.MX,MRO,,
MRSH.K,MRSH,,
MRT.PH,MRT,,
MRTN.OQ,MRTN,,
MRVCDE.INS,MRVCDE,,
MRVI.OQ,MRVI,,
MRVL.OQ,MRVL,,
MRX.C,MRX,,
MRX.OQ,MRX,,
MRX^L12,MRX,,
MS.N,MS,,
MSA.N,MSA,,
MSBI.OQ,MSBI,,
MSCCN.BCU,MSCCN,,
MSCI.N,MSCI,,
MSEX.OQ,MSEX,,
MSFT.OQ,MSFT,,
MSFT.P,MSFT,,
MSGE.N,MSGE,,
MSI.N,MSI,,
MSM.N,MSM,,
MSO.B,MSO,,
MSO.N,MSO,,
MSPD.OQ,MSPD,,
MSTR.OQ,MSTR,,
MSW.C,MSW,,
MSW.OQ,MSW,,
MTB.II,MTB,,
MTB.N,MTB,,
MTCH.OQ,MTCH,,
MTCT.OQ,MTCT,,
MTD.N,MTD,,
MTDR.N,MTDR,,
MTEX.OQ,MTEX,,
MTG.II,MTG,,
MTG.N,MTG,,
MTGE.OQ,MTGE,,
MTH,MTH,,
MTH.N,MTH,,
MTN,MTN,,
MTN.N,MTN,,
MTNB.A,MTNB,,
MTRN.N,MTRN,,
MTRX.O,MTRX,,
MTRX.OQ,MTRX,,
MTSI.OQ,MTSI,,
MTSN.O,MTSN,,
MTSN.OQ,MTSN,,
MTUS.K,MTUS,,
MTUS.N,MTUS,,
MTW.N,MTW,,
MTX,MTX,,
MTX.N,MTX,,
MTZ,MTZ,,
MTZ.N,MTZ,,
MU.O,MU,,
MU.OQ,MU,,
MUR.II,MUR,,
MUR.N,MUR,,
MUSA.N,MUSA,,
MUX.N,MUX,,
MV.N,MV,,
MVBF.OQ,MVBF,,
MVC.C,MVC,,
MVIS.OQ,MVIS,,
MVL.N,MVL,,
MVSN.OQ,MVSN,,
MVSND.OQ,MVSND,,
MVST.OQ,MVST,,
MWA,MWA,,
MWA.N,MWA,,
MWIV.OQ,MWIV,,
MWP.C,MWP,,
MWV.II,MWV,,
MWV.N,MWV,,
MWW^K16,MWW,,
MWY.C,MWY,,
MXCT.OQ,MXCT,,
MXGL.OQ,MXGL,,
MXIM.O^H21,MXIM,,
MXL.O,MXL,,
MXL.OQ,MXL,,
MYCC.N,MYCC,,
MYE,MYE,,
MYE.N,MYE,,
MYFW.OQ,MYFW,,
MYGN.OQ,MYGN,,
MYGNDE.INS,MYGNDE,,
MYL.II,MYL,,
MYO.A,MYO,,
MYOKN.BCU,MYOKN,,
MYPS.OQ,MYPS,,
MYRG.OQ,MYRG,,
MZTI.O,MZTI,,
MZTI.OQ,MZTI,,
NABL.N,NABL,,
NADL.N,NADL,,
NAFC.OQ,NAFC,,
NAGE.O,NAGE,,
NAGE.OQ,NAGE,,
NAL.C,NAL,,
NAME.OQ,NAME,,
NASB.PK,NASB,,
NAT,NAT,,
NAT.N,NAT,,
NATH.OQ,NATH,,
NATI.O^J23,NATI,,
NATL.N,NATL,,
NATR.OQ,NATR,,
NAUH.PK,NAUH,,
NAVI.OQ,NAVI,,
NAVN.OQ,NAVN,,
NB.OQ,NB,,
NBBC.OQ,NBBC,,
NBBK.OQ,NBBK,,
NBF.A,NBF,,
NBHC.N,NBHC,,
NBIX.OQ,NBIX,,
NBL.O^J20,NBL,,
NBN.OQ,NBN,,
NBR.II,NBR,,
NBR.N,NBR,,
NBTB.OQ,NBTB,,
NC,NC,,
NC.N,NC,,
NCC.II,NCC,,
NCI.N,NCI,,
NCIT.OQ,NCIT,,
NCLH.K,NCLH,,
NCMI.O,NCMI,,
NCMI.OQ,NCMI,,
NCOM.OQ,NCOM,,
NCSM.OQ,NCSM,,
NDAQ.OQ,NDAQ,,
NDLS.OQ,NDLS,,
NDN^A12,NDN^A12,,
NDSN.OQ,NDSN,,
NE.II,NE,,
NE.N,NE,,
NECB.OQ,NECB,,
NEE.N,NEE,,
NEFF.N,NEFF,,
NEM.N,NEM,,
NEO.OQ,NEO,,
NEOG.OQ,NEOG,,
NEON.OQ,NEON,,
NEOS.OQ,NEOS,,
NERV.OQ,NERV,,
NESR.O,NESR,,
NESR.OQ^D23,NESR,,
NET.N,NET,,
NEU,NEU,,
NEU.N,NEU,,
NEWP.O,NEWP,,
NEWR.K^K23,NEWR,,
NEWT.OQ,NEWT,,
NEXCDE.INS,NEXCDE,,
NEXN.OQ,NEXN,,
NEXT.OQ,NEXT,,
NFBK.OQ,NFBK,,
NFE.OQ,NFE,,
NFG.N,NFG,,
NFI.C,NFI,,
NFLX.OQ,NFLX,,
NFP.B,NFP,,
NFP.N,NFP,,
NFX^B19,NFX^B19,,
NG.A,NG,,
NG.TO,NG,,
NGNE.OQ,NGNE,,
NGPC.OQ,NGPC,,
NGS.N,NGS,,
NGVC.N,NGVC,,
NGVT.N,NGVT,,
NHC,NHC,,
NHC.A,NHC,,
NHC.TO,NHC,,
NHI,NHI,,
NHI.N,NHI,,
NHP^G11,NHP^G11,,
NHTC.OQ,NHTC,,
NI.II,NI,,
NI.N,NI,,
NIC,NIC,,
NIC.N,NIC,,
NIHD.OQ,NIHD,,
NILE.OQ,NILE,,
NINEQ.PK,NINEQ,,
NITE.OQ,NITE,,
NJR,NJR,,
NJR.N,NJR,,
NKE.N,NKE,,
NKSH.OQ,NKSH,,
NKTR.OQ,NKTR,,
NKTRDE.INS,NKTRDE,,
NKTX.OQ,NKTX,,
NL,NL,,
NL.N,NL,,
NLOP.N,NLOP,,
NLSN.K^J22,NLSN,,
NLY.N,NLY,,
NMAX.N,NMAX,,
NMBL.N,NMBL,,
NMFC.O,NMFC,,
NMIH.O,NMIH,,
NMIH.OQ,NMIH,,
NMRK.OQ,NMRK,,
NN.OQ,NN,,
NNBR.OQ,NNBR,,
NNE.OQ,NNE,,
NNI,NNI,,
NNI.N,NNI,,
NNN,NNN,,
NNN.N,NNN,,
NNOX.OQ,NNOX,,
NOBL.OQ,NOBL,,
NOC.II,NOC,,
NOC.N,NOC,,
NODK.OQ,NODK,,
NOG,NOG,,
NOG.N,NOG,,
NOR.N,NOR,,
NOTV.OQ,NOTV,,
NOV.II,NOV,,
NOV.N,NOV,,
NOVC.OQ,NOVC,,
NOVL.O^D11,NOVL,,
NOVN.OQ,NOVN,,
NOVT.OQ,NOVT,,
NOW.N,NOW,,
NPB.N,NPB,,
NPBC.OQ,NPBC,,
NPCE.OQ,NPCE,,
NPK,NPK,,
NPK.N,NPK,,
NPKI.K,NPKI,,
NPKI.N,NPKI,,
NPO,NPO,,
NPO.N,NPO,,
NPSI.OQ,NPSI,,
NPSP.OQ,NPSP,,
NPWR.N,NPWR,,
NRC.O,NRC,,
NRC.OQ,NRC,,
NRDS.OQ,NRDS,,
NRDY.N,NRDY,,
NRE.N,NRE,,
NREF.N,NREF,,
NRF.N,NRF,,
NRG.N,NRG,,
NRGN.O,NRGN,,
NRIM.OQ,NRIM,,
NRIX.OQ,NRIX,,
NSA.N,NSA,,
NSC.N,NSC,,
NSIT.OQ,NSIT,,
NSM.N,NSM,,
NSM^I11,NSM^I11,,
NSP.N,NSP,,
NSR.N,NSR,,
NSSC.OQ,NSSC,,
NSTK.O,NSTK,,
NSTR.OQ,NSTR,,
NST^D12,NST^D12,,
NTAP.OQ,NTAP,,
NTB.N,NTB,,
NTCT.OQ,NTCT,,
NTES.OQ,NTES,,
NTGR.O,NTGR,,
NTGR.OQ,NTGR,,
NTK.OQ,NTK,,
NTLA.OQ,NTLA,,
NTLS.OQ,NTLS,,
NTNX.OQ,NTNX,,
NTQ.TH,NTQ,,
NTRA.OQ,NTRA,,
NTRS.II,NTRS,,
NTRS.OQ,NTRS,,
NTSP.OQ,NTSP,,
NTST.N,NTST,,
NTY.N,NTY,,
NUANF.INS,NUANF,,
NUCO.OQ,NUCO,,
NUE.N,NUE,,
NUS.N,NUS,,
NUSDE.INS,NUSDE,,
NUTR.OQ,NUTR,,
NUTX.OQ,NUTX,,
NUVA.O^I23,NUVA,,
NUVB.N,NUVB,,
NUVL.OQ,NUVL,,
NVAX.OQ,NVAX,,
NVCR.OQ,NVCR,,
NVCT.OQ,NVCT,,
NVDA.O,NVDA,,
NVDA.OQ,NVDA,,
NVEC.OQ,NVEC,,
NVE^L13,NVE,,
NVGS.N,NVGS,,
NVLS.O^F12,NVLS,,
NVR.N,NVR,,
NVRI.K,NVRI,,
NVRI.N,NVRI,,
NVST.N,NVST,,
NVT.N,NVT,,
NVTAN.BCU,NVTAN,,
NVTS.OQ,NVTS,,
NWBI.OQ,NWBI,,
NWBO.OQ,NWBO,,
NWE.O,NWE,,
NWE.OQ,NWE,,
NWEC.OQ,NWEC,,
NWFL.OQ,NWFL,,
NWK.B,NWK,,
NWL.II,NWL,,
NWL.O,NWL,,
NWLIA.OQ,NWLIA,,
NWN.N,NWN,,
NWPX.OQ,NWPX,,
NWSA.II,NWSA,,
NWSA.OQ,NWSA,,
NWSB.OQ,NWSB,,
NWY.C,NWY,,
NX.N,NX,,
NXDR.N,NXDR,,
NXDT.N,NXDT,,
NXPI.OQ,NXPI,,
NXRT.N,NXRT,,
NXST.O,NXST,,
NXST.OQ,NXST,,
NXT.OQ,NXT,,
NXTC.OQ,NXTC,,
NXXT.OQ,NXXT,,
NYMXF.PK,NYMXF,,
NYNYR.NB,NYNYR,,
NYT.II,NYT,,
NYT.N,NYT,,
NYX.C,NYX,,
NYX^K13,NYX^K13,,
O,O,,
O.N,O,,
OABC.OQ,OABC,,
OABI.OQ,OABI,,
OATS.O,OATS,,
OA^F18,OA^F18,,
OB.N,OB,,
OBK,OBK,,
OBK.N,OBK,,
OBT.OQ,OBT,,
OC.N,OC,,
OCAS.OQ,OCAS,,
OCAT.OQ,OCAT,,
OCFC.OQ,OCFC,,
OCGN.OQ,OCGN,,
OCLRN.BCU,OCLRN,,
OCR.N,OCR,,
OCUL.OQ,OCUL,,
OCZ.OQ,OCZ,,
ODC.N,ODC,,
ODFL.OQ,ODFL,,
ODSY.P,ODSY,,
OEC.N,OEC,,
OFED.PK,OFED,,
OFG.N,OFG,,
OFIX.OQ,OFIX,,
OFLX.OQ,OFLX,,
OGE.N,OGE,,
OGS.N,OGS,,
OHI,OHI,,
OHI.N,OHI,,
OI,OI,,
OI.N,OI,,
OII.N,OII,,
OIS,OIS,,
OIS.N,OIS,,
OKE.N,OKE,,
OKLO.N,OKLO,,
OKSB.OQ,OKSB,,
OKTA.OQ,OKTA,,
OLED.O,OLED,,
OLED.OQ,OLED,,
OLLI.OQ,OLLI,,
OLMA.OQ,OLMA,,
OLN,OLN,,
OLN.N,OLN,,
OLP.N,OLP,,
OLPX.OQ,OLPX,,
OM.O,OM,,
OMC.N,OMC,,
OMCL.O,OMCL,,
OMCL.OQ,OMCL,,
OMDA.OQ,OMDA,,
OME.N,OME,,
OMEF.OQ,OMEF,,
OMER.OQ,OMER,,
OMEX.OQ,OMEX,,
OMG.B,OMG,,
OMG.N,OMG,,
OMN.N,OMN,,
OMPI.O,OMPI,,
OMPI.OQ,OMPI,,
OMRI.O,OMRI,,
OMTR.OQ,OMTR,,
OMX.N,OMX,,
ONB.O,ONB,,
ONB.OQ,ONB,,
ONCEN.BCU,ONCEN,,
ONDK.N,ONDK,,
ONE.N,ONE,,
ONEW.OQ,ONEW,,
ONIT.K,ONIT,,
ONIT.N,ONIT,,
ONNNF.INS,ONNNF,,
ONT.B,ONT,,
ONTF.N,ONTF,,
ONTO.N,ONTO,,
ONXXDE.INS,ONXXDE,,
OO.N,OO,,
OOMA.N,OOMA,,
OPAL.OQ,OPAL,,
OPB.OQ,OPB,,
OPBK.OQ,OPBK,,
OPCH.OQ,OPCH,,
OPEN.OQ,OPEN,,
OPFI.N,OPFI,,
OPITQ.PK,OPITQ,,
OPK.O,OPK,,
OPK.OQ,OPK,,
OPLN.K,OPLN,,
OPLN.N,OPLN,,
OPRT.OQ,OPRT,,
OPRX.OQ,OPRX,,
OPSW.O,OPSW,,
OPTM.O,OPTM,,
OPTN.OQ,OPTN,,
OPTU.K,OPTU,,
OPTU.N,OPTU,,
OPWR.N,OPWR,,
OPY.N,OPY,,
ORA.N,ORA,,
ORB.B,ORB,,
ORBCN.BCU,ORBCN,,
ORC.N,ORC,,
ORCL.K,ORCL,,
ORCL.N,ORCL,,
OREX.OQ,OREX,,
ORGO.OQ,ORGO,,
ORH.B,ORH,,
ORI.N,ORI,,
ORIC.OQ,ORIC,,
ORIT.O,ORIT,,
ORIT.OQ,ORIT,,
ORKA.OQ,ORKA,,
ORLY.OQ,ORLY,,
ORM.A,ORM,,
ORMP.OQ,ORMP,,
ORN.N,ORN,,
ORRF.OQ,ORRF,,
OSBC.OQ,OSBC,,
OSCR.N,OSCR,,
OSG,OSG,,
OSG.N,OSG,,
OSIR.OQ,OSIR,,
OSIS.O,OSIS,,
OSIS.OQ,OSIS,,
OSK.N,OSK,,
OSPIDE.INS,OSPIDE,,
OSPN.OQ,OSPN,,
OSUR.O,OSUR,,
OSUR.OQ,OSUR,,
OSW.OQ,OSW,,
OTLK.OQ,OTLK,,
OTTR.OQ,OTTR,,
OUST.OQ,OUST,,
OUT.N,OUT,,
OUTR.OQ,OUTR,,
OVBC.OQ,OVBC,,
OVEN.O,OVEN,,
OVID.OQ,OVID,,
OVLY.OQ,OVLY,,
OVV.N,OVV,,
OWL.N,OWL,,
OWW.N,OWW,,
OXM,OXM,,
OXM.N,OXM,,
OXPS.OQ,OXPS,,
OXY.N,OXY,,
OZK.OQ,OZK,,
P4CF.TRE,P4CF,,
PACB.OQ,PACB,,
PACK.N,PACK,,
PACR.OQ,PACR,,
PACS.N,PACS,,
PACW.O^L23,PACW,,
PAG.N,PAG,,
PAGS.N,PAGS,,
PAHC.OQ,PAHC,,
PAL.OQ,PAL,,
PALM.OQ,PALM,,
PALMDE.INS,PALMDE,,
PAMT.O,PAMT,,
PAMT.OQ,PAMT,,
PANL.OQ,PANL,,
PANLDE.INS,PANLDE,,
PANW.O,PANW,,
PANW.OQ,PANW,,
PAR.N,PAR,,
PARR.K,PARR,,
PARR.N,PARR,,
PAS.N,PAS,,
PASG.OQ,PASG,,
PATH.N,PATH,,
PATK.OQ,PATK,,
PAVM.OQ,PAVM,,
PAX.OQ,PAX,,
PAYC.N,PAYC,,
PAYO.OQ,PAYO,,
PAYS.OQ,PAYS,,
PAYX.OQ,PAYX,,
PAY^H18,PAY,,
PB,PB,,
PB.N,PB,,
PBCT.O^D22,PBCT,,
PBF.N,PBF,,
PBFS.OQ,PBFS,,
PBG.II,PBG,,
PBH,PBH,,
PBH.N,PBH,,
PBI.II,PBI,,
PBI.N,PBI,,
PBNC.OQ,PBNC,,
PBYI.OQ,PBYI,,
PCAP.OQ,PCAP,,
PCAR.OQ,PCAR,,
PCARF.INS,PCARF,,
PCB.OQ,PCB,,
PCBK.OQ,PCBK,,
PCG.N,PCG,,
PCL.II,PCL,,
PCL.N,PCL,,
PCP.B,PCP,,
PCP.N,PCP,,
PCRX.OQ,PCRX,,
PCT.OQ,PCT,,
PCTY.OQ,PCTY,,
PCVX.OQ,PCVX,,
PCX.N^G12,PCX,,
PCYC.OQ,PCYC,,
PCYO.OQ,PCYO,,
PD.N,PD,,
PD2F.TPRM,PD2F,,
PDC.C,PDC,,
PDD.OQ,PDD,,
PDEX.OQ,PDEX,,
PDE^F11,PDE^F11,,
PDFS.O,PDFS,,
PDFS.OQ,PDFS,,
PDGI.OQ,PDGI,,
PDLB.OQ,PDLB,,
PDLI.OQ^L20,PDLI,,
PDM.N,PDM,,
PDYN.OQ,PDYN,,
PEB.N,PEB,,
PEBK.OQ,PEBK,,
PEBO.OQ,PEBO,,
PEC.PH,PEC,,
PECO.OQ,PECO,,
PEG.II,PEG,,
PEG.N,PEG,,
PEGA.OQ,PEGA,,
PEN.N,PEN,,
PENG.OQ,PENG,,
PENN.OQ,PENN,,
PEOP.OQ,PEOP,,
PEP.O,PEP,,
PEP.OQ,PEP,,
PER.B,PER,,
PERF.OQ,PERF,,
PESI.OQ,PESI,,
PETM.OQ,PETM,,
PETS.OQ,PETS,,
PETXN.BCU,PETXN,,
PFB.C,PFB,,
PFBC.OQ,PFBC,,
PFCB.OQ,PFCB,,
PFE.N,PFE,,
PFG.II,PFG,,
PFG.O,PFG,,
PFGC.N,PFGC,,
PFGC.OQ,PFGC,,
PFIS.OQ,PFIS,,
PFPTN.BCU,PFPTN,,
PFS.N,PFS,,
PFS.P,PFS,,
PFSI.N,PFSI,,
PFWD.O,PFWD,,
PG.II,PG,,
PG.N,PG,,
PGC.OQ,PGC,,
PGEN.OQ,PGEN,,
PGI.C,PGI,,
PGI.N,PGI,,
PGN.II,PGN,,
PGN.N,PGN,,
PGND.N,PGND,,
PGNXDE.INS,PGNXDE,,
PGNY.OQ,PGNY,,
PGR.II,PGR,,
PGR.N,PGR,,
PGTIN.BCU,PGTIN,,
PGY.OQ,PGY,,
PH.II,PH,,
PH.N,PH,,
PHAT.OQ,PHAT,,
PHH.C,PHH,,
PHIN.N,PHIN,,
PHM.N,PHM,,
PHR.N,PHR,,
PHRM.O,PHRM,,
PHUN.OQ,PHUN,,
PI.OQ,PI,,
PII,PII,,
PII.N,PII,,
PIKE.N,PIKE,,
PINE.N,PINE,,
PINS.N,PINS,,
PIPR.K,PIPR,,
PIPR.N,PIPR,,
PIR.II,PIR,,
PIR.N,PIR,,
PJT.N,PJT,,
PK.N,PK,,
PKBK.OQ,PKBK,,
PKD.B,PKD,,
PKD.N,PKD,,
PKE.N,PKE,,
PKG.N,PKG,,
PKI.II,PKI,,
PKOH.O,PKOH,,
PKOH.OQ,PKOH,,
PKST.N,PKST,,
PKT.OQ,PKT,,
PKTR.OQ,PKTR,,
PKY.C,PKY,,
PKY.N,PKY,,
PL.N,PL,,
PLAB.OQ,PLAB,,
PLAY.OQ,PLAY,,
PLBC.OQ,PLBC,,
PLBY.OQ,PLBY,,
PLCE.OQ,PLCE,,
PLCM.OQ,PLCM,,
PLD.II,PLD,,
PLD.N,PLD,,
PLD^F11,PLD^F11,,
PLKI.OQ,PLKI,,
PLL.II,PLL,,
PLMD.OQ,PLMD,,
PLMR.OQ,PLMR,,
PLNT.N,PLNT,,
PLOW.N,PLOW,,
PLPC.O,PLPC,,
PLPC.OQ,PLPC,,
PLPM.OQ,PLPM,,
PLRX.OQ,PLRX,,
PLSE.OQ,PLSE,,
PLTE.O,PLTE,,
PLTK.OQ,PLTK,,
PLTR.O,PLTR,,
PLTR.OQ,PLTR,,
PLUG.OQ,PLUG,,
PLUS.OQ,PLUS,,
PLX,PLX,,
PLX.A,PLX,,
PLXS.OQ,PLXS,,
PLXT.O,PLXT,,
PLXT.OQ,PLXT,,
PL^B15,PL,,
PM.N,PM,,
PMACA.O,PMACA,,
PMCSDE.INS,PMCSDE,,
PMFG.OQ,PMFG,,
PMI.N,PMI,,
PMT.N,PMT,,
PMTC.II,PMTC,,
PMTI.OQ,PMTI,,
PMTS.O,PMTS,,
PMVP.OQ,PMVP,,
PN.N,PN,,
PNBK.OQ,PNBK,,
PNC.II,PNC,,
PNC.N,PNC,,
PNFP.N,PNFP,,
PNKF.TPRM,PNKF,,
PNNT.K,PNNT,,
PNR.N,PNR,,
PNRA.O^G17,PNRA,,
PNRG.OQ,PNRG,,
PNSN.OQ,PNSN,,
PNTG.OQ,PNTG,,
PNW.II,PNW,,
PNW.N,PNW,,
PNX.N,PNX,,
PNY.B,PNY,,
PNY.N,PNY,,
PODD.OQ,PODD,,
POM.II,POM,,
POM^C16,POM^C16,,
PONE.OQ,PONE,,
PONR.O,PONR,,
POOL.OQ,POOL,,
POR,POR,,
POR.N,POR,,
POS.B,POS,,
POST.N,POST,,
POWI.OQ,POWI,,
POWL.O,POWL,,
POWL.OQ,POWL,,
POWR.N,POWR,,
POWW.O,POWW,,
POWW.OQ,POWW,,
PPC.O,PPC,,
PPC.OQ,PPC,,
PPCO.O,PPCO,,
PPDI.O^L11,PPDI,,
PPG.II,PPG,,
PPG.N,PPG,,
PPL.II,PPL,,
PPL.N,PPL,,
PPS.B,PPS,,
PPS.N,PPS,,
PPTA.TO,PPTA,,
PR.N,PR,,
PRA,PRA,,
PRA.N,PRA,,
PRAA.OQ,PRAA,,
PRAI.OQ,PRAI,,
PRAX.OQ,PRAX,,
PRCH.OQ,PRCH,,
PRCT.OQ,PRCT,,
PRDO.OQ,PRDO,,
PRE.N,PRE,,
PRF0D.TRE,PRF0D,,
PRG.N,PRG,,
PRGS.OQ,PRGS,,
PRI.N,PRI,,
PRIM.K,PRIM,,
PRIM.N,PRIM,,
PRK,PRK,,
PRK.A,PRK,,
PRKS.K,PRKS,,
PRKS.N,PRKS,,
PRLB.N,PRLB,,
PRLD.OQ,PRLD,,
PRM.N,PRM,,
PRME.OQ,PRME,,
PRMW.OQ,PRMW,,
PROP.OQ,PROP,,
PROV.OQ,PROV,,
PRPL.OQ,PRPL,,
PRSU.K,PRSU,,
PRSU.N,PRSU,,
PRTA.OQ,PRTA,,
PRTH.OQ,PRTH,,
PRTR.OQ,PRTR,,
PRTS.OQ,PRTS,,
PRU.II,PRU,,
PRU.N,PRU,,
PRVA.OQ,PRVA,,
PRX.B,PRX,,
PRX.N,PRX,,
PRXI.OQ,PRXI,,
PRXL.OQ,PRXL,,
PSA,PSA,,
PSA.N,PSA,,
PSD.N,PSD,,
PSDO.OQ,PSDO,,
PSEC.OQ,PSEC,,
PSEM.O,PSEM,,
PSEM.OQ,PSEM,,
PSFE.N,PSFE,,
PSG.TO,PSG,,
PSIX.OQ,PSIX,,
PSMT.O,PSMT,,
PSMT.OQ,PSMT,,
PSN.N,PSN,,
PSNL.OQ,PSNL,,
PSPT.O,PSPT,,
PSS^J12,PSS,,
PSTG.N,PSTG,,
PSTL.N,PSTL,,
PSTX.OQ,PSTX,,
PSUN.OQ,PSUN,,
PSX.N,PSX,,
PSYS.O^K10,PSYS,,
PTC.OQ,PTC,,
PTCT.OQ,PTCT,,
PTEN.OQ,PTEN,,
PTGX.OQ,PTGX,,
PTLO.OQ,PTLO,,
PTMF.ICEM,PTMF,,
PTMK.O,PTMK,,
PTON.OQ,PTON,,
PTP.B,PTP,,
PTP.N,PTP,,
PTRY.OQ,PTRY,,
PTV.II,PTV,,
PTVCB.OQ,PTVCB,,
PUBM.OQ,PUBM,,
PUMP.N,PUMP,,
PVA.C,PVA,,
PVA.N,PVA,,
PVH.N,PVH,,
PVLA.OQ,PVLA,,
PVSW.OQ,PVSW,,
PVTB.OQ,PVTB,,
PWER.O,PWER,,
PWER.OQ,PWER,,
PWP.OQ,PWP,,
PWR.N,PWR,,
PX.II,PX,,
PX.N,PX,,
PXED.N,PXED,,
PXLW.OQ,PXLW,,
PXP.N,PXP,,
PXT.B,PXT,,
PYPL.OQ,PYPL,,
PYX.B,PYX,,
PZG.A,PZG,,
PZZA.OQ,PZZA,,
QADI.OQ,QADI,,
QBTS.N,QBTS,,
QCOM.OQ,QCOM,,
QCRH.OQ,QCRH,,
QDEL.O,QDEL,,
QDEL.OQ,QDEL,,
QEP^C21,QEP^C21,,
QLGC.O^H16,QLGC,,
QLIK.OQ,QLIK,,
QLTY.OQ,QLTY,,
QLYS.OQ,QLYS,,
QMCO.OQ,QMCO,,
QNCX.O,QNCX,,
QNST.OQ,QNST,,
QRR.PH,QRR,,
QRVO.OQ,QRVO,,
QSFT.OQ,QSFT,,
QSI.OQ,QSI,,
QTM.II,QTM,,
QTNA.OQ,QTNA,,
QTRX.OQ,QTRX,,
QTWO.N,QTWO,,
QUAD.N,QUAD,,
QUBT.OQ,QUBT,,
QUIK.OQ,QUIK,,
Q^D11,Q^D11,,
R.II,R,,
R.N,R,,
RACK.O,RACK,,
RADN.BCU,RADN,,
RAH^A13,RAH,,
RAI.II,RAI,,
RAI.N,RAI,,
RAIL.OQ,RAIL,,
RAMP.N,RAMP,,
RAMR.O,RAMR,,
RAPP.OQ,RAPP,,
RAPT.OQ,RAPT,,
RARE.OQ,RARE,,
RATE.OQ,RATE,,
RAX.N,RAX,,
RBA.TO,RBA,,
RBB.OQ,RBB,,
RBBN.OQ,RBBN,,
RBC,RBC,,
RBC.N,RBC,,
RBCAA.OQ,RBCAA,,
RBKB.OQ,RBKB,,
RBNC.OQ,RBNC,,
RC.N,RC,,
RCAT.OQ,RCAT,,
RCCC.O,RCCC,,
RCEL.OQ,RCEL,,
RCKB.OQ,RCKB,,
RCKT.OQ,RCKT,,
RCKY.OQ,RCKY,,
RCL.N,RCL,,
RCMT.OQ,RCMT,,
RCNI.P,RCNI,,
RCRC.OQ,RCRC,,
RCUS.N,RCUS,,
RDC.II,RDC,,
RDC^D19,RDC^D19,,
RDDT.N,RDDT,,
RDI.OQ,RDI,,
RDN.N,RDN,,
RDNT.OQ,RDNT,,
RDVT.OQ,RDVT,,
RDW.N,RDW,,
REAL.OQ,REAL,,
REAX.OQ,REAX,,
REFI.OQ,REFI,,
REG.O,REG,,
REGN.O,REGN,,
REGN.OQ,REGN,,
REI.A,REI,,
REKR.OQ,REKR,,
RELL.OQ,RELL,,
RELY.OQ,RELY,,
REPL.OQ,REPL,,
REPX.A,REPX,,
RES,RES,,
RES.N,RES,,
REX.N,REX,,
REXR.N,REXR,,
REZI.N,REZI,,
RF.N,RF,,
RFL.A,RFL,,
RFL.N,RFL,,
RFMD.O^A15,RFMD,,
RFMDDE.INS,RFMDDE,,
RGA,RGA,,
RGA.N,RGA,,
RGCO.OQ,RGCO,,
RGEN.OQ,RGEN,,
RGLD.OQ,RGLD,,
RGNX.OQ,RGNX,,
RGP.O,RGP,,
RGP.OQ,RGP,,
RGR,RGR,,
RGR.N,RGR,,
RGTI.OQ,RGTI,,
RH.N,RH,,
RHI.II,RHI,,
RHI.N,RHI,,
RHLD.N,RHLD,,
RHP.N,RHP,,
RHT^G19,RHT^G19,,
RICK.OQ,RICK,,
RIG.N,RIG,,
RIGL.O,RIGL,,
RIGL.OQ,RIGL,,
RILY.OQ,RILY,,
RIOT.OQ,RIOT,,
RITM.K,RITM,,
RIV.C,RIV,,
RJET.OQ,RJET,,
RJF.N,RJF,,
RKDA.OQ,RKDA,,
RKT.C,RKT,,
RKT.N,RKT,,
RKUS.N,RKUS,,
RL.N,RL,,
RLAY.OQ,RLAY,,
RLD.N,RLD,,
RLGT.A,RLGT,,
RLI,RLI,,
RLI.N,RLI,,
RLJ.N,RLJ,,
RLMD.OQ,RLMD,,
RLOC.OQ,RLOC,,
RLYB.OQ,RLYB,,
RM.N,RM,,
RMAX.N,RMAX,,
RMBI.OQ,RMBI,,
RMBS.OQ,RMBS,,
RMD.N,RMD,,
RMIX.O,RMIX,,
RMNI.DG,RMNI,,
RMNI.OQ,RMNI,,
RMR.OQ,RMR,,
RMTI.OQ,RMTI,,
RNA.OQ,RNA,,
RNAC.OQ,RNAC,,
RNAM.OQ,RNAM,,
RNG.N,RNG,,
RNGR.N,RNGR,,
RNOW.O,RNOW,,
RNR.N,RNR,,
RNST.K,RNST,,
RNST.N,RNST,,
RNT.C,RNT,,
RNWKDE.INS,RNWKDE,,
ROAD.OQ,ROAD,,
ROAN.N,ROAN,,
ROC.P,ROC,,
ROCK.OQ,ROCK,,
ROG,ROG,,
ROG.N,ROG,,
ROH.II,ROH,,
ROIV.OQ,ROIV,,
ROK.N,ROK,,
ROL,ROL,,
ROL.N,ROL,,
ROMA.OQ,ROMA,,
ROOT.OQ,ROOT,,
ROP.O,ROP,,
ROP.OQ,ROP,,
ROSE.OQ,ROSE,,
ROST.OQ,ROST,,
RPAY.OQ,RPAY,,
RPB.PH,RPB,,
RPC.N,RPC,,
RPD.OQ,RPD,,
RPID.OQ,RPID,,
RPM.N,RPM,,
RPRX.OQ,RPRX,,
RPT.N,RPT,,
RPTP.OQ,RPTP,,
RPXC.OQ,RPXC,,
RR.OQ,RR,,
RRBI.OQ,RRBI,,
RRC,RRC,,
RRC.N,RRC,,
RRGB.O,RRGB,,
RRGB.OQ,RRGB,,
RRR.OQ,RRR,,
RRTS.N,RRTS,,
RRX,RRX,,
RRX.N,RRX,,
RS.N,RS,,
RSE.N,RSE,,
RSG.N,RSG,,
RSH.N,RSH,,
RSI.N,RSI,,
RST.N,RST,,
RSTIDE.INS,RSTIDE,,
RSTIN.BCU,RSTIN,,
RSVR.OQ,RSVR,,
RT.PH,RT,,
RTI.B,RTI,,
RTI.N,RTI,,
RTK.C,RTK,,
RTK.OQ,RTK,,
RTN^D20,RTN^D20,,
RTSX.OQ,RTSX,,
RTW.N,RTW,,
RUE.OQ,RUE,,
RUM.OQ,RUM,,
RUN.OQ,RUN,,
RUS.B,RUS,,
RUSHA.O,RUSHA,,
RUSHA.OQ,RUSHA,,
RUSHB.OQ,RUSHB,,
RVBD.OQ,RVBD,,
RVLPQ.PK,RVLPQ,,
RVLT.OQ,RVLT,,
RVLV.N,RVLV,,
RVM,RVM,,
RVMD.OQ,RVMD,,
RVP.A,RVP,,
RVSB.OQ,RVSB,,
RVTY.K,RVTY,,
RWT,RWT,,
RWT.N,RWT,,
RX.II,RX,,
RXO.N,RXO,,
RXRX.OQ,RXRX,,
RXST.OQ,RXST,,
RXT.OQ,RXT,,
RYAAY.OQ,RYAAY,,
RYAM.N,RYAM,,
RYAN.N,RYAN,,
RYL.N,RYL,,
RYN.N,RYN,,
RYTM.OQ,RYTM,,
RYZ,RYZ,,
RYZ.N,RYZ,,
RZLT.OQ,RZLT,,
RZLV.OQ,RZLV,,
S.II,S,,
S.N,S,,
S9QF.TRE,S9QF,,
SAAS.OQ,SAAS,,
SABA.OQ,SABA,,
SABR.OQ,SABR,,
SAFE.N,SAFE,,
SAFT.O,SAFT,,
SAFT.OQ,SAFT,,
SAFX.OQ,SAFX,,
SAH,SAH,,
SAH.N,SAH,,
SAIA.OQ,SAIA,,
SAIC.O,SAIC,,
SAIC.OQ,SAIC,,
SALE.OQ,SALE,,
SALM.PK,SALM,,
SAM,SAM,,
SAM.N,SAM,,
SAMG.OQ,SAMG,,
SANA.OQ,SANA,,
SANM.OQ,SANM,,
SAPE.OQ,SAPE,,
SARA.A,SARA,,
SARO.N,SARO,,
SATL.OQ,SATL,,
SATS.OQ,SATS,,
SAVA.OQ,SAVA,,
SB.N,SB,,
SBAC.OQ,SBAC,,
SBBX.OQ,SBBX,,
SBC.OQ,SBC,,
SBCF.OQ,SBCF,,
SBFG.OQ,SBFG,,
SBGI.OQ,SBGI,,
SBH,SBH,,
SBH.N,SBH,,
SBIB.OQ,SBIB,,
SBKC.O,SBKC,,
SBNY.PK,SBNY,,
SBP.B,SBP,,
SBRA.OQ,SBRA,,
SBSI.K,SBSI,,
SBSI.N,SBSI,,
SBT.OQ^D25,SBT,,
SBUX.OQ,SBUX,,
SBX.N,SBX,,
SBY.N,SBY,,
SCA.C,SCA,,
SCAI.OQ,SCAI,,
SCG^A19,SCG^A19,,
SCHL.OQ,SCHL,,
SCHS.OQ,SCHS,,
SCHW.K,SCHW,,
SCHW.N,SCHW,,
SCI.N,SCI,,
SCL,SCL,,
SCL.N,SCL,,
SCLN.OQ,SCLN,,
SCMP.OQ,SCMP,,
SCMR.OQ,SCMR,,
SCMRDE.INS,SCMRDE,,
SCNB.N,SCNB,,
SCOR.OQ,SCOR,,
SCRX.OQ,SCRX,,
SCSC.OQ,SCSC,,
SCT.B,SCT,,
SCURDE.INS,SCURDE,,
SCVL.OQ,SCVL,,
SD.N,SD,,
SDGR.OQ,SDGR,,
SDRL.N,SDRL,,
SDTH.OQ,SDTH,,
SDXC.O,SDXC,,
SE.N,SE,,
SEA.PH,SEA,,
SEAB.OQ,SEAB,,
SEAT.OQ,SEAT,,
SEB.A,SEB,,
SEB.MW,SEB,,
SEE.II,SEE,,
SEE.N,SEE,,
SEER.OQ,SEER,,
SEG.N,SEG,,
SEI,SEI,,
SEI.N,SEI,,
SEIC.OQ,SEIC,,
SEM.N,SEM,,
SEMR.N,SEMR,,
SEN.C,SEN,,
SENEA.OQ,SENEA,,
SEPN.OQ,SEPN,,
SEPR.O^J09,SEPR,,
SERA.OQ,SERA,,
SERV.OQ,SERV,,
SEVN.OQ,SEVN,,
SEZL.OQ,SEZL,,
SF,SF,,
SF.N,SF,,
SFBC.OQ,SFBC,,
SFBS.K,SFBS,,
SFBS.N,SFBS,,
SFC.B,SFC,,
SFD^I13,SFD,,
SFEDE.INS,SFEDE,,
SFG.N,SFG,,
SFIX.OQ,SFIX,,
SFL.N,SFL,,
SFLY.O,SFLY,,
SFM.OQ,SFM,,
SFNC.O,SFNC,,
SFNC.OQ,SFNC,,
SFR.N,SFR,,
SFS.N,SFS,,
SFST.OQ,SFST,,
SFXE.OQ,SFXE,,
SG.N,SG,,
SGA.O,SGA,,
SGA.OQ,SGA,,
SGBK.OQ,SGBK,,
SGC.OQ,SGC,,
SGHC.N,SGHC,,
SGHT.OQ,SGHT,,
SGI,SGI,,
SGI.N,SGI,,
SGI.OQ,SGI,,
SGIC.OQ,SGIC,,
SGK.C,SGK,,
SGK.N,SGK,,
SGM.N,SGM,,
SGMO.OQ,SGMO,,
SGNT.OQ,SGNT,,
SGP^K09,SGP^K09,,
SGR.N,SGR,,
SGRY.OQ,SGRY,,
SGY.B,SGY,,
SGY.N,SGY,,
SHAK.N,SHAK,,
SHAW.K^B13,SHAW,,
SHBI.OQ,SHBI,,
SHC.OQ,SHC,,
SHEN.OQ,SHEN,,
SHFL.OQ,SHFL,,
SHLD.II,SHLD,,
SHLS.OQ,SHLS,,
SHO,SHO,,
SHO.N,SHO,,
SHOO.OQ,SHOO,,
SHOP.OQ,SHOP,,
SHOR.OQ,SHOR,,
SHOS.OQ,SHOS,,
SHPG.O^A19,SHPG,,
SHS.PH,SHS,,
SHW.II,SHW,,
SHW.N,SHW,,
SI.N,SI,,
SIAL.O^K15,SIAL,,
SIALF.INS,SIALF,,
SIBN.OQ,SIBN,,
SICPQ.PK,SICPQ,,
SIEB.OQ,SIEB,,
SIF.A,SIF,,
SIFI.OQ,SIFI,,
SIG.N,SIG,,
SIGA.OQ,SIGA,,
SIGI.OQ,SIGI,,
SIGM.OQ,SIGM,,
SII.II,SII,,
SILA.N,SILA,,
SILC.O,SILC,,
SIMG.OQ,SIMG,,
SION.OQ,SION,,
SIRF.OQ,SIRF,,
SIRI.OQ,SIRI,,
SIRO.OQ,SIRO,,
SIRT.OQ,SIRT,,
SITC.N,SITC,,
SITE.N,SITE,,
SITM.O,SITM,,
SIXD.OQ,SIXD,,
SJM.N,SJM,,
SKIL.N,SKIL,,
SKIN.OQ,SKIN,,
SKS^K13,SKS,,
SKT,SKT,,
SKT.N,SKT,,
SKUL.OQ,SKUL,,
SKWD.OQ,SKWD,,
SKX.MX,SKX,,
SKY,SKY,,
SKY.N,SKY,,
SKYH.N,SKYH,,
SKYT.OQ,SKYT,,
SKYW.OQ,SKYW,,
SKYW.P,SKYW,,
SKYX.OQ,SKYX,,
SLAB.OQ,SLAB,,
SLB.II,SLB,,
SLB.N,SLB,,
SLCAN.BCU,SLCAN,,
SLDB.OQ,SLDB,,
SLDE.OQ,SLDE,,
SLDP.OQ,SLDP,,
SLFI.OQ,SLFI,,
SLG.N,SLG,,
SLGN.K,SLGN,,
SLGN.N,SLGN,,
SLH.N,SLH,,
SLM.II,SLM,,
SLM.O,SLM,,
SLM.OQ,SLM,,
SLND.A,SLND,,
SLNO.OQ,SLNO,,
SLP.OQ,SLP,,
SLQT.N,SLQT,,
SLRC.OQ,SLRC,,
SLS.OQ,SLS,,
SLSN.OQ,SLSN,,
SLVM.N,SLVM,,
SLXP.O,SLXP,,
SM.N,SM,,
SMA.C,SMA,,
SMA.N,SMA,,
SMBC.OQ,SMBC,,
SMBI.OQ,SMBI,,
SMBK.K,SMBK,,
SMBK.N,SMBK,,
SMC.N,SMC,,
SMCI.OQ,SMCI,,
SMDI.O,SMDI,,
SMG.N,SMG,,
SMHG.O,SMHG,,
SMHI.N,SMHI,,
SMID.OQ,SMID,,
SMMT.OQ,SMMT,,
SMMXDE.INS,SMMXDE,,
SMP,SMP,,
SMP.N,SMP,,
SMPL.OQ,SMPL,,
SMR.N,SMR,,
SMRT.OQ,SMRT,,
SMSI.OQ,SMSI,,
SMTC.O,SMTC,,
SMTC.OQ,SMTC,,
SMTI.OQ,SMTI,,
SMTL.O,SMTL,,
SN.N,SN,,
SNA.II,SNA,,
SNA.N,SNA,,
SNBC.OQ,SNBC,,
SNBR.OQ,SNBR,,
SNC.OQ,SNC,,
SNCI.O,SNCI,,
SNCY.OQ,SNCY,,
SND.OQ,SND,,
SNDA.N,SNDA,,
SNDK.OQ,SNDK,,
SNDK.O^E16,SNDK,,
SNDR.N,SNDR,,
SNDX.OQ,SNDX,,
SNEX.OQ,SNEX,,
SNFCA.OQ,SNFCA,,
SNI.O^C18,SNI,,
SNIC.OQ,SNIC,,
SNMX.O,SNMX,,
SNMX.OQ,SNMX,,
SNNAQ.PK,SNNAQ,,
SNOW.N,SNOW,,
SNPS.OQ,SNPS,,
SNS.B,SNS,,
SNSE.OQ,SNSE,,
SNWL.O,SNWL,,
SNWV.OQ,SNWV,,
SNX,SNX,,
SNX.N,SNX,,
SO.N,SO,,
SOC.N,SOC,,
SOHUF.INS,SOHUF,,
SOLV.N,SOLV,,
SON.N,SON,,
SONC.P,SONC,,
SONM.OQ,SONM,,
SONO.O,SONO,,
SONO.OQ,SONO,,
SONSDE.INS,SONSDE,,
SORC.OQ,SORC,,
SOUN.OQ,SOUN,,
SOV.II,SOV,,
SOY.TO,SOY,,
SPB.N,SPB,,
SPC.B,SPC,,
SPFI.OQ,SPFI,,
SPG.II,SPG,,
SPG.N,SPG,,
SPGI.N,SPGI,,
SPHR.K,SPHR,,
SPHR.N,SPHR,,
SPIR.N,SPIR,,
SPLK.MX,SPLK,,
SPLS.O^I17,SPLS,,
SPNC.O,SPNC,,
SPNC.OQ,SPNC,,
SPNT.N,SPNT,,
SPOK.OQ,SPOK,,
SPOT.N,SPOT,,
SPPIN.BCU,SPPIN,,
SPRO.OQ,SPRO,,
SPRY.O,SPRY,,
SPRY.OQ,SPRY,,
SPSC.OQ,SPSC,,
SPSN.OQ,SPSN,,
SPSS.OQ,SPSS,,
SPSX.OQ,SPSX,,
SPT.O,SPT,,
SPT.OQ,SPT,,
SPWH.OQ,SPWH,,
SPWR.OQ,SPWR,,
SPWRN.BCU,SPWRN,,
SPXC.N,SPXC,,
SQAA.C,SQAA,,
SQI.OQ,SQI,,
SQNM.OQ,SQNM,,
SQZB.PK,SQZB,,
SR.B,SR,,
SR.N,SR,,
SRBK.OQ,SRBK,,
SRCE.OQ,SRCE,,
SRE.II,SRE,,
SRE.N,SRE,,
SRG.N,SRG,,
SRI,SRI,,
SRI.N,SRI,,
SRNE.PK,SRNE,,
SRPT.OQ,SRPT,,
SRR.B,SRR,,
SRRK.OQ,SRRK,,
SRRR.OQ,SRRR,,
SRTA.OQ,SRTA,,
SRVY.O,SRVY,,
SRX.C,SRX,,
SRX^G11,SRX^G11,,
SRZ.B,SRZ,,
SSB.N,SSB,,
SSD,SSD,,
SSD.N,SSD,,
SSE.N,SSE,,
SSI.N,SSI,,
SSI.PH,SSI,,
SSNC.OQ,SSNC,,
SSP.O,SSP,,
SSP.OQ,SSP,,
SSRM.OQ,SSRM,,
SSTI.OQ,SSTI,,
SSTIDE.INS,SSTIDE,,
SSTK.N,SSTK,,
SSYS.OQ,SSYS,,
SSYS.P,SSYS,,
ST.N,ST,,
ST4TG.TBEA,ST4TG,,
STAA.OQ,STAA,,
STAG.N,STAG,,
STBA.OQ,STBA,,
STC,STC,,
STC.N,STC,,
STE.N,STE,,
STEC.O,STEC,,
STEC.OQ,STEC,,
STEDE.INS,STEDE,,
STEL.N,STEL,,
STEL.OQ,STEL,,
STEM.N,STEM,,
STEP.O,STEP,,
STGW.OQ,STGW,,
STI.II,STI,,
STIM.OQ,STIM,,
STJ.II,STJ,,
STJ^A17,STJ^A17,,
STKS.OQ,STKS,,
STLD.OQ,STLD,,
STML.OQ,STML,,
STNE.OQ,STNE,,
STNG.N,STNG,,
STNR.OQ,STNR,,
STOK.OQ,STOK,,
STR.II,STR,,
STR.N,STR,,
STRA.OQ,STRA,,
STRI.N,STRI,,
STRL.OQ,STRL,,
STRO.OQ,STRO,,
STRP.A,STRP,,
STRS.O,STRS,,
STRS.OQ,STRS,,
STRT.OQ,STRT,,
STRW.A,STRW,,
STS.A,STS,,
STSA.OQ,STSA,,
STST.OQ,STST,,
STT.II,STT,,
STT.N,STT,,
STTK.OQ,STTK,,
STWD.N,STWD,,
STX.OQ,STX,,
STXS.A,STXS,,
STZ.II,STZ,,
STZ.N,STZ,,
SU6F.TRE,SU6F,,
SUF.II,SUF,,
SUG^C12,SUG^C12,,
SUI,SUI,,
SUI.N,SUI,,
SUM.CN,SUM,,
SUN.II,SUN,,
SUN.N,SUN,,
SUNE.N^D16,SUNE,,
SUNS.OQ,SUNS,,
SUNW.OQ,SUNW,,
SUPG.O,SUPG,,
SUPN.OQ,SUPN,,
SUR.C,SUR,,
SURFN.BCU,SURFN,,
SURW.O,SURW,,
SUUF.TRE,SUUF,,
SV4F.TPRM,SV4F,,
SV7SG.ICEM,SV7SG,,
SVC.OQ,SVC,,
SVCO.OQ,SVCO,,
SVN.B,SVN,,
SVR.C,SVR,,
SVRA.OQ,SVRA,,
SVU.II,SVU,,
SVV.N,SVV,,
SWBI.OQ,SWBI,,
SWC.N,SWC,,
SWCDE.INS,SWCDE,,
SWFT.N,SWFT,,
SWIM.OQ,SWIM,,
SWI^B16,SWI^B16,,
SWK.II,SWK,,
SWK.N,SWK,,
SWKH.OQ,SWKH,,
SWKS.OQ,SWKS,,
SWNN.BCU,SWNN,,
SWS.C,SWS,,
SWSI.OQ,SWSI,,
SWX,SWX,,
SWX.N,SWX,,
SWY.II,SWY,,
SWY.N,SWY,,
SXC.N,SXC,,
SXE.PH,SXE,,
SXI,SXI,,
SXI.N,SXI,,
SXT,SXT,,
SXT.N,SXT,,
SY9F.TPRM,SY9F,,
SYA.N,SYA,,
SYBSDE.INS,SYBSDE,,
SYBT.OQ,SYBT,,
SYBT.P,SYBT,,
SYK.II,SYK,,
SYK.N,SYK,,
SYM.B,SYM,,
SYMM.O,SYMM,,
SYNA.OQ,SYNA,,
SYNHN.BCU,SYNHN,,
SYPR.OQ,SYPR,,
SYRE.OQ,SYRE,,
SYUT.OQ,SYUT,,
SYY.N,SYY,,
SZMK.OQ,SZMK,,
T.N,T,,
T4HF.TRE,T4HF,,
TALK.OQ,TALK,,
TALO.N,TALO,,
TAP.II,TAP,,
TAP.N,TAP,,
TARA.OQ,TARA,,
TARR.OQ,TARR,,
TARS.OQ,TARS,,
TASRDE.INS,TASRDE,,
TAYC.OQ,TAYC,,
TBBK.OQ,TBBK,,
TBCH.O,TBCH,,
TBCH.OQ,TBCH,,
TBHC.O,TBHC,,
TBI.N,TBI,,
TBL^I11,TBL^I11,,
TBPH.OQ,TBPH,,
TBRA.OQ,TBRA,,
TBRG.O,TBRG,,
TBRG.OQ,TBRG,,
TBV.PH,TBV,,
TCBI.OQ,TCBI,,
TCBK.OQ,TCBK,,
TCBX.N,TCBX,,
TCI.N,TCI,,
TCMD.OQ,TCMD,,
TCOM.OQ,TCOM,,
TCO^L20,TCO,,
TCPC.OQ,TCPC,,
TCX.OQ,TCX,,
TDAY.K,TDAY,,
TDAY.N,TDAY,,
TDC,TDC,,
TDC.N,TDC,,
TDG,TDG,,
TDG.N,TDG,,
TDOC.N,TDOC,,
TDS.N,TDS,,
TDUP.OQ,TDUP,,
TDW.N,TDW,,
TDY,TDY,,
TDY.N,TDY,,
TE.II,TE,,
TE.N,TE,,
TEAD.O,TEAD,,
TEAD.OQ,TEAD,,
TEAM.OQ,TEAM,,
TECD.O^G20,TECD,,
TECH.OQ,TECH,,
TECX.OQ,TECX,,
TEG.II,TEG,,
TEG.N,TEG,,
TEL.N,TEL,,
TELK.O,TELK,,
TENB.OQ,TENB,,
TER.II,TER,,
TER.O,TER,,
TERN.OQ,TERN,,
TEVA.K,TEVA,,
TEX.II,TEX,,
TEX.N,TEX,,
TE^G16,TE^G16,,
TFIN.K,TFIN,,
TFIN.N,TFIN,,
TFM.OQ,TFM,,
TFSM.OQ,TFSM,,
TFX.N,TFX,,
TG,TG,,
TG.N,TG,,
TGE.OQ,TGE,,
TGIC.OQ,TGIC,,
TGLS.N,TGLS,,
TGNA.N,TGNA,,
TGT.N,TGT,,
TGTX.OQ,TGTX,,
TH.OQ,TH,,
THC.N,THC,,
THFF.OQ,THFF,,
THG.N,THG,,
THO.N,THO,,
THOR.OQ,THOR,,
THQIDE.INS,THQIDE,,
THR.N,THR,,
THRD.OQ^H25,THRD,,
THRM.OQ,THRM,,
THRY.OQ,THRY,,
TIBX.OQ,TIBX,,
TIBXDE.INS,TIBXDE,,
TIC.N,TIC,,
TIE.B,TIE,,
TIE^A13,TIE^A13,,
TIF.W,TIF,,
TIF^A21,TIF^A21,,
TIGO.O,TIGO,,
TIL.O,TIL,,
TILE.O,TILE,,
TILE.OQ,TILE,,
TIME.N,TIME,,
TIN^B12,TIN^B12,,
TIPT.OQ,TIPT,,
TIS.A,TIS,,
TISI.N,TISI,,
TITN.OQ,TITN,,
TIVO.O,TIVO,,
TIVO.OQ,TIVO,,
TJX.II,TJX,,
TJX.N,TJX,,
TK.N,TK,,
TKNO.OQ,TKNO,,
TKR.N,TKR,,
TLAB.O^L13,TLAB,,
TLMR.OQ,TLMR,,
TLN.N,TLN,,
TLN.OQ,TLN,,
TLRA.N,TLRA,,
TLRD.N,TLRD,,
TLRD.N^H20,TLRD,,
TLS.OQ,TLS,,
TLSI.OQ,TLSI,,
TLYS.N,TLYS,,
TMCI.OQ,TMCI,,
TMDX.OQ,TMDX,,
TMH.N,TMH,,
TMHC.N,TMHC,,
TMK.II,TMK,,
TMO.II,TMO,,
TMO.N,TMO,,
TMP,TMP,,
TMP.A,TMP,,
TMR.B,TMR,,
TMRK.PH,TMRK,,
TMS.N,TMS,,
TMUS.OQ,TMUS,,
TNB^E12,TNB^E12,,
TNC,TNC,,
TNC.N,TNC,,
TNDM.OQ,TNDM,,
TNET.N,TNET,,
TNGO.OQ,TNGO,,
TNK.N,TNK,,
TNL.N,TNL,,
TNL.P,TNL,,
TNOX.O,TNOX,,
TNS.C,TNS,,
TNXP.OQ,TNXP,,
TNYA.OQ,TNYA,,
TOI.OQ,TOI,,
TOL.N,TOL,,
TONE.OQ,TONE,,
TOPP.II,TOPP,,
TOWN.OQ,TOWN,,
TOWR.N,TOWR,,
TPB.N,TPB,,
TPC.N,TPC,,
TPH.N,TPH,,
TPHS.PK,TPHS,,
TPICQ.PK,TPICQ,,
TPL.N,TPL,,
TPLM.A,TPLM,,
TPR.N,TPR,,
TR,TR,,
TR.N,TR,,
TRA.II,TRA,,
TRA.N,TRA,,
TRAK.K,TRAK,,
TRAK.N,TRAK,,
TRAK.O,TRAK,,
TRAK.OQ,TRAK,,
TRBN.OQ,TRBN,,
TRC,TRC,,
TRC.N,TRC,,
TRCA.O,TRCA,,
TRDA.OQ,TRDA,,
TREE.OQ,TREE,,
TREX.K,TREX,,
TREX.N,TREX,,
TRGP.N,TRGP,,
TRI.TO,TRI,,
TRIP.OQ,TRIP,,
TRLG.O,TRLG,,
TRLG.OQ,TRLG,,
TRMA.O,TRMA,,
TRMB.OQ,TRMB,,
TRMK.OQ,TRMK,,
TRMP.O,TRMP,,
TRN.N,TRN,,
TRNO.N,TRNO,,
TRNS.OQ,TRNS,,
TROW.II,TROW,,
TROW.OQ,TROW,,
TROX.N,TROX,,
TRR.N,TRR,,
TRS.O,TRS,,
TRS.OQ,TRS,,
TRST.OQ,TRST,,
TRTX.N,TRTX,,
TRU.N,TRU,,
TRUP.O,TRUP,,
TRUP.OQ,TRUP,,
TRV,TRV,,
TRV.N,TRV,,
TRVI.OQ,TRVI,,
TRXB.PH,TRXB,,
TRYB.C,TRYB,,
TSAT.OQ,TSAT,,
TSBK.OQ,TSBK,,
TSCO.OQ,TSCO,,
TSE.N,TSE,,
TSFG.O,TSFG,,
TSHA.OQ,TSHA,,
TSLA.OQ,TSLA,,
TSM.N,TSM,,
TSN.II,TSN,,
TSN.N,TSN,,
TSO.II,TSO,,
TSQ.N,TSQ,,
TSRX.OQ,TSRX,,
TSSI.OQ,TSSI,,
TSS^I19,TSS^I19,,
TSVT.MX,TSVT,,
TSYS.OQ,TSYS,,
TT.N,TT,,
TTAM.N,TTAM,,
TTC.N,TTC,,
TTD.OQ,TTD,,
TTEC.OQ,TTEC,,
TTEK.OQ,TTEK,,
TTGT.OQ,TTGT,,
TTI.N,TTI,,
TTI.N^C97,TTI,,
TTMI.OQ,TTMI,,
TTPY.OQ,TTPY,,
TTSH.PK,TTSH,,
TTWO.OQ,TTWO,,
TUBE.OQ,TUBE,,
TUC.N,TUC,,
TUES.OQ,TUES,,
TUMI.N,TUMI,,
TUSK.OQ,TUSK,,
TVGN.OQ,TVGN,,
TVIA.OQ,TVIA,,
TVRD.OQ,TVRD,,
TVTX.OQ,TVTX,,
TW.OQ,TW,,
TW.O^A16,TW,,
TWB.B,TWB,,
TWC.N,TWC,,
TWER.OQ,TWER,,
TWGP.OQ,TWGP,,
TWI,TWI,,
TWI.N,TWI,,
TWIN.O,TWIN,,
TWIN.OQ,TWIN,,
TWLL.O,TWLL,,
TWLO.N,TWLO,,
TWO.N,TWO,,
TWPG.OQ,TWPG,,
TWRDE.TPRM,TWRDE,,
TWST.OQ,TWST,,
TWTC.OQ,TWTC,,
TWX^F18,TWX^F18,,
TXCO.O,TXCO,,
TXG.OQ,TXG,,
TXMD.OQ,TXMD,,
TXN.O,TXN,,
TXN.OQ,TXN,,
TXNM.K,TXNM,,
TXNM.N,TXNM,,
TXNS.INS,TXNS,,
TXRH.OQ,TXRH,,
TXT.II,TXT,,
TXT.N,TXT,,
TXTR.N,TXTR,,
TYC.N,TYC,,
TYL,TYL,,
TYL.N,TYL,,
TYPE.OQ,TYPE,,
TYRA.OQ,TYRA,,
TZIX.OQ,TZIX,,
TZOO.OQ,TZOO,,
U.N,U,,
UAA,UAA,,
UAL.OQ,UAL,,
UAM.N,UAM,,
UAMY.A,UAMY,,
UAPH.OQ,UAPH,,
UAUA.OQ,UAUA,,
UAVS.A,UAVS,,
UBER.N,UBER,,
UBFO.OQ,UBFO,,
UBH.B,UBH,,
UBNK.OQ,UBNK,,
UBSI.OQ,UBSI,,
UCB,UCB,,
UCB.N,UCB,,
UCBH.OQ,UCBH,,
UCFC.OQ,UCFC,,
UCP.N,UCP,,
UCTT.OQ,UCTT,,
UDF.OQ,UDF,,
UDMY.OQ,UDMY,,
UDR.N,UDR,,
UE.N,UE,,
UEC.A,UEC,,
UEIC.OQ,UEIC,,
UFABQ.PK,UFABQ,,
UFCS.OQ,UFCS,,
UFI.N,UFI,,
UFPI.OQ,UFPI,,
UFPT.OQ,UFPT,,
UFS^K21,UFS,,
UGI.N,UGI,,
UHAL.K,UHAL,,
UHCO.OQ,UHCO,,
UHS.N,UHS,,
UHT,UHT,,
UHT.N,UHT,,
UIC.B,UIC,,
UIL.B,UIL,,
UIL.N,UIL,,
UIS.N,UIS,,
ULH.O,ULH,,
ULH.OQ,ULH,,
ULS.N,ULS,,
ULTA.OQ,ULTA,,
ULTI.O^E19,ULTI,,
ULTR.OQ,ULTR,,
UMBF.OQ,UMBF,,
UMH.N,UMH,,
UMPQ.O^C23,UMPQ,,
UNB.OQ,UNB,,
UNCA.O,UNCA,,
UNF,UNF,,
UNF.N,UNF,,
UNFI.K,UNFI,,
UNFI.N,UNFI,,
UNH.N,UNH,,
UNIS.OQ,UNIS,,
UNIT.OQ,UNIT,,
UNM.II,UNM,,
UNM.N,UNM,,
UNP.II,UNP,,
UNP.N,UNP,,
UNS.B,UNS,,
UNS.N,UNS,,
UNT.N^E20,UNT,,
UNTD.OQ,UNTD,,
UNTY.OQ,UNTY,,
UPB.OQ,UPB,,
UPBD.O,UPBD,,
UPBD.OQ,UPBD,,
UPL.N,UPL,,
UPLD.OQ,UPLD,,
UPS.N,UPS,,
UPST.OQ,UPST,,
UPWK.OQ,UPWK,,
URBN.OQ,URBN,,
URE.TO,URE,,
URGN.OQ,URGN,,
URI.N,URI,,
URS.N,URS,,
URZ.A,URZ,,
US01671P1003.TRE,US01671P1003,,
US02156B1035.TPRM,US02156B1035,,
US03828A1016.TRE,US03828A1016,,
US05370A1088.TRE,US05370A1088,,
US0736851090.TRU,US0736851090,,
US08579W1036.TPRM,US08579W1036,,
US08579X1019.TRE,US08579X1019,,
US08915P1012.TRE,US08915P1012,,
US09627Y1091.TRE,US09627Y1091,,
US11373M1071.TRE,US11373M1071,,
US16934W1062.TRE,US16934W1062,,
US1785871013.TBEA,US1785871013,,
US17888H1032.TRE,US17888H1032,,
US2003401070.TRE,US2003401070,,
US21870Q1058.TPRM,US21870Q1058,,
US22766M1099.TPRM,US22766M1099,,
US2321091082.TRU,US2321091082,,
US2825591033.TRE,US2825591033,,
US29788T1034.TBEA,US29788T1034,,
US30034T1034.TRE,US30034T1034,,
US3116421021.TRE,US3116421021,,
US3189161033.TRU,US3189161033,,
US36251C1036.TRU,US36251C1036,,
US4016171054.TRE,US4016171054,,
US4023071024.TRE,US4023071024,,
US4040301081.TRU,US4040301081,,
US41165Y1001.TRE,US41165Y1001,,
US4208772016.TPRM,US4208772016,,
US4219461047.TPRM,US4219461047,,
US4285671016.TPRM,US4285671016,,
US4315711089.TRE,US4315711089,,
US45828L1089.TRE,US45828L1089,,
US4606901001.TRE,US4606901001,,
US46565G1040.TPRM,US46565G1040,,
US50107A1043.ICEM,US50107A1043,,
US51509P1030.TBEA,US51509P1030,,
US5168062058.TRE,US5168062058,,
US5314651028.TRE,US5314651028,,
US55345K1034.TRE,US55345K1034,,
US62482R1077.TRE,US62482R1077,,
US62945V1098.TBEA,US62945V1098,,
US68162K1060.TRE,US68162K1060,,
US69478X1054.TBEA,US69478X1054,,
US71375U1016.TPRM,US71375U1016,,
US72814N1046.TBEA,US72814N1046,,
US7296401026.TRE,US7296401026,,
US73754Y1001.TRE,US73754Y1001,,
US74346Y1038.TRE,US74346Y1038,,
US7495271071.TRE,US7495271071,,
US75737F1084.TRE,US75737F1084,,
US76131N1019R=CJ,US76131N1019R=CJ,,
US78667J1088.TRE,US78667J1088,,
US8068821060.TRE,US8068821060,,
US8106481059.TRE,US8106481059,,
US8472151005.TRE,US8472151005,,
US8581552036.TRE,US8581552036,,
US86745K1043.TRE,US86745K1043,,
US8681681057.TRE,US8681681057,,
US87161C5013.TRE,US87161C5013,,
US87663X1028.TXEA,US87663X1028,,
US88337F1057.TRE,US88337F1057,,
US8968181011.TRE,US8968181011,,
US8998961044.TRU,US8998961044,,
US92765F1084.TRE,US92765F1084,,
US96758W1018.TRE,US96758W1018,,
USAK.NOI,USAK,,
USAR.OQ,USAR,,
USAT.OQ,USAT,,
USAU.OQ,USAU,,
USB.N,USB,,
USBE.OQ,USBE,,
USCB.OQ,USCB,,
USFD.N,USFD,,
USLM.OQ,USLM,,
USNA.K,USNA,,
USNA.N,USNA,,
USPH.K,USPH,,
USPH.N,USPH,,
UST.II,UST,,
UTEK.O,UTEK,,
UTEK.OQ,UTEK,,
UTHR.OQ,UTHR,,
UTHRDE.INS,UTHRDE,,
UTI,UTI,,
UTI.N,UTI,,
UTIW.OQ,UTIW,,
UTL.N,UTL,,
UTMD.OQ,UTMD,,
UTSIDE.INS,UTSIDE,,
UTZ.N,UTZ,,
UUUU.A,UUUU,,
UVE,UVE,,
UVE.N,UVE,,
UVSP.O,UVSP,,
UVSP.OQ,UVSP,,
UVV,UVV,,
UVV.N,UVV,,
V.N,V,,
VA.OQ,VA,,
VABK.OQ,VABK,,
VAC.N,VAC,,
VAL.N,VAL,,
VALU.O,VALU,,
VALU.OQ,VALU,,
VARI.OQ,VARI,,
VAR^D21,VAR^D21,,
VASC.OQ,VASC,,
VATE.N,VATE,,
VC.II,VC,,
VC.OQ,VC,,
VCBI.OQ,VCBI,,
VCEL.OQ,VCEL,,
VCI.B,VCI,,
VCI.N,VCI,,
VCTR.OQ,VCTR,,
VCYT.OQ,VCYT,,
VECO.OQ,VECO,,
VECO.P,VECO,,
VEEV.N,VEEV,,
VEL.N,VEL,,
VERA.OQ,VERA,,
VERI.OQ,VERI,,
VERU.OQ,VERU,,
VERX.OQ,VERX,,
VFC.II,VFC,,
VFC.N,VFC,,
VGAS.OQ,VGAS,,
VGZ.A,VGZ,,
VHI.N,VHI,,
VHS.N,VHS,,
VIA.N,VIA,,
VIAB.II,VIAB,,
VIAB.O^L19,VIAB,,
VIAS.OQ,VIAS,,
VIAV.OQ,VIAV,,
VICR.OQ,VICR,,
VIGN.O,VIGN,,
VIR.OQ,VIR,,
VIRC.OQ,VIRC,,
VIRT.K,VIRT,,
VISN.OQ,VISN,,
VITC.OQ,VITC,,
VITL.OQ,VITL,,
VITL.P,VITL,,
VKTX.OQ,VKTX,,
VLCM.OQ,VLCM,,
VLDRN.BCU,VLDRN,,
VLGEA.O,VLGEA,,
VLGEA.OQ,VLGEA,,
VLO.II,VLO,,
VLO.N,VLO,,
VLTO.N,VLTO,,
VLTR.O,VLTR,,
VLTR.OQ,VLTR,,
VLY.O,VLY,,
VLY.OQ,VLY,,
VMC.II,VMC,,
VMC.N,VMC,,
VMD.O,VMD,,
VMD.OQ,VMD,,
VMED.OQ,VMED,,
VMEM.N,VMEM,,
VMI,VMI,,
VMI.N,VMI,,
VMSI.OQ,VMSI,,
VMW.MX,VMW,,
VNCE.O,VNCE,,
VNDA.O,VNDA,,
VNDA.OQ,VNDA,,
VNO.II,VNO,,
VNO.N,VNO,,
VNOM.OQ,VNOM,,
VNT.N,VNT,,
VOCS.O,VOCS,,
VOCS.OQ,VOCS,,
VOD.OQ,VOD,,
VOL.PH,VOL,,
VOLC.O,VOLC,,
VOLC.OQ,VOLC,,
VOR.OQ,VOR,,
VOXR.TO,VOXR,,
VOYA.N,VOYA,,
VOYG.N,VOYG,,
VPG.N,VPG,,
VPHM.OQ,VPHM,,
VPHMDE.INS,VPHMDE,,
VQ.PH,VQ,,
VRA.OQ,VRA,,
VRAYQ.PK,VRAYQ,,
VRAZ.OQ,VRAZ,,
VRCA.OQ,VRCA,,
VRDN.OQ,VRDN,,
VRE,VRE,,
VRE.N,VRE,,
VREX.OQ,VREX,,
VRM.OQ,VRM,,
VRNS.OQ,VRNS,,
VRRM.OQ,VRRM,,
VRSK.OQ,VRSK,,
VRSN.OQ,VRSN,,
VRT.N,VRT,,
VRTS.K,VRTS,,
VRTS.N,VRTS,,
VRTX.OQ,VRTX,,
VSAT.OQ,VSAT,,
VSATDE.INS,VSATDE,,
VSCN.OQ,VSCN,,
VSCO.N,VSCO,,
VSE.PH,VSE,,
VSEC.OQ,VSEC,,
VSH.N,VSH,,
VSLR.N,VSLR,,
VST.N,VST,,
VSTM.OQ,VSTM,,
VSTS.N,VSTS,,
VTAE.OQ,VTAE,,
VTAL.O,VTAL,,
VTEX.N,VTEX,,
VTGDF.PK,VTGDF,,
VTGN.OQ,VTGN,,
VTIV.OQ,VTIV,,
VTOL.N,VTOL,,
VTR.N,VTR,,
VTRU.P,VTRU,,
VTS.N,VTS,,
VTVT.OQ,VTVT,,
VTYF.TRE,VTYF,,
VUZI.OQ,VUZI,,
VVC^B19,VVC,,
VVUSDE.INS,VVUSDE,,
VVV.N,VVV,,
VVX,VVX,,
VVX.N,VVX,,
VXRT.PK,VXRT,,
VYGR.OQ,VYGR,,
VYX,VYX,,
VYX.N,VYX,,
VZ.N,VZ,,
W.N,W,,
WAAS.N,WAAS,,
WAB,WAB,,
WAB.N,WAB,,
WABC.OQ,WABC,,
WAFD.O,WAFD,,
WAFD.OQ,WAFD,,
WAG.II,WAG,,
WAL,WAL,,
WAL.N,WAL,,
WALD.OQ,WALD,,
WASH.OQ,WASH,,
WAT.II,WAT,,
WAT.N,WAT,,
WATT.OQ,WATT,,
WAUW.OQ,WAUW,,
WAY.OQ,WAY,,
WB.II,WB,,
WBA.MX,WBA,,
WBC.N,WBC,,
WBCO.OQ,WBCO,,
WBD.OQ,WBD,,
WBMD.OQ,WBMD,,
WBS.N,WBS,,
WBTN.OQ,WBTN,,
WCC.N,WCC,,
WCG.N,WCG,,
WCI.B,WCI,,
WCIC.N,WCIC,,
WCN.TO,WCN,,
WCRX.OQ,WCRX,,
WD.N,WD,,
WDAY.OQ,WDAY,,
WDC.O,WDC,,
WDC.OQ,WDC,,
WDFC.OQ,WDFC,,
WDR^E21,WDR,,
WEAV.N,WEAV,,
WEC.N,WEC,,
WELL.N,WELL,,
WEN.OQ,WEN,,
WERN.OQ,WERN,,
WEST.OQ,WEST,,
WEX.N,WEX,,
WEYS.O,WEYS,,
WEYS.OQ,WEYS,,
WFBI.OQ,WFBI,,
WFC.N,WFC,,
WFC.W,WFC,,
WFM.O^H17,WFM,,
WFMIF.INS,WFMIF,,
WFR.II,WFR,,
WFRD.OQ,WFRD,,
WFT.II,WFT,,
WG.B,WG,,
WG.N,WG,,
WGL^G18,WGL,,
WGO,WGO,,
WGO.N,WGO,,
WGS.OQ,WGS,,
WH.N,WH,,
WHD.N,WHD,,
WHG.N,WHG,,
WHI.B,WHI,,
WHQ.C,WHQ,,
WHR.II,WHR,,
WHR.N,WHR,,
WIBC.OQ,WIBC,,
WIN.PH,WIN,,
WINA.OQ,WINA,,
WIND.II,WIND,,
WIND.OQ,WIND,,
WING.OQ,WING,,
WINN.O,WINN,,
WINS.OQ,WINS,,
WIX.OQ,WIX,,
WK.N,WK,,
WKC,WKC,,
WKC.N,WKC,,
WKHS.OQ,WKHS,,
WLDN.OQ,WLDN,,
WLFC.OQ,WLFC,,
WLH.N,WLH,,
WLK.N,WLK,,
WLP.II,WLP,,
WLSC.OQ,WLSC,,
WLY,WLY,,
WLY.N,WLY,,
WL^E11,WL^E11,,
WM.II,WM,,
WM.N,WM,,
WMAR.O,WMAR,,
WMAR.OQ,WMAR,,
WMB.N,WMB,,
WMG.OQ,WMG,,
WMGI.OQ,WMGI,,
WMI.N,WMI,,
WMK,WMK,,
WMK.N,WMK,,
WMS.N,WMS,,
WMT.O,WMT,,
WMT.OQ,WMT,,
WNC,WNC,,
WNC.N,WNC,,
WNEB.OQ,WNEB,,
WNG.N,WNG,,
WNR.N,WNR,,
WOLF.O,WOLF,,
WON.B,WON,,
WOOF.OQ,WOOF,,
WOR,WOR,,
WOR.N,WOR,,
WPC.N,WPC,,
WPL.P,WPL,,
WPP.N,WPP,,
WPSC.O,WPSC,,
WPX^A21,WPX^A21,,
WRAP.O,WRAP,,
WRB.N,WRB,,
WRBY.N,WRBY,,
WRC^B13,WRC,,
WRES.OQ,WRES,,
WRI^H21,WRI,,
WRLD.OQ,WRLD,,
WRLS.OQ,WRLS,,
WRNC.O,WRNC,,
WS.N,WS,,
WSBC.OQ,WSBC,,
WSBF.OQ,WSBF,,
WSC.OQ,WSC,,
WSFS.OQ,WSFS,,
WSII.O,WSII,,
WSM.N,WSM,,
WSO,WSO,,
WSO.N,WSO,,
WSR.N,WSR,,
WST,WST,,
WST.N,WST,,
WSTC.OQ,WSTC,,
WT,WT,,
WT.N,WT,,
WTBA.OQ,WTBA,,
WTFC.OQ,WTFC,,
WTI.N,WTI,,
WTRG.N,WTRG,,
WTS,WTS,,
WTS.N,WTS,,
WTTR.N,WTTR,,
WTW.O,WTW,,
WTW.VI,WTW,,
WU.N,WU,,
WU.W,WU,,
WULF.OQ,WULF,,
WVE.OQ,WVE,,
WW.B,WW,,
WWAV.N,WWAV,,
WWD.O,WWD,,
WWD.OQ,WWD,,
WWIN.O,WWIN,,
WWW,WWW,,
WWW.N,WWW,,
WWY.II,WWY,,
WXH.N,WXH,,
WY.N,WY,,
WYE.N,WYE,,
WYFI.OQ,WYFI,,
WYN.II,WYN,,
WYNN.OQ,WYNN,,
X.MX,X,,
X9PF.TPRM,X9PF,,
XBIT.OQ,XBIT,,
XBKS.OQ,XBKS,,
XCO.N,XCO,,
XCO.PH,XCO,,
XEC^J21,XEC,,
XEL.II,XEL,,
XEL.O,XEL,,
XEL.OQ,XEL,,
XENE.OQ,XENE,,
XENTN.BCU,XENTN,,
XERS.OQ,XERS,,
XFOR.OQ,XFOR,,
XGN.OQ,XGN,,
XHR.N,XHR,,
XIDE.OQ,XIDE,,
XLNX.O^B22,XLNX,,
XLS.N,XLS,,
XLTC.OQ,XLTC,,
XL^I18,XL^I18,,
XMTR.OQ,XMTR,,
XNCR.OQ,XNCR,,
XNPT.O,XNPT,,
XNPT.OQ,XNPT,,
XOM.N,XOM,,
XOMA.OQ,XOMA,,
XPEL.OQ,XPEL,,
XPER.N,XPER,,
XPO.N,XPO,,
XPOF.N,XPOF,,
XPRO.K,XPRO,,
XPRO.N,XPRO,,
XRAY.OQ,XRAY,,
XRIS.INS,XRIS,,
XRM.II,XRM,,
XRN.N,XRN,,
XRX.OQ,XRX,,
XTLY.N,XTLY,,
XTO.II,XTO,,
XTXI.OQ,XTXI,,
XXIA.OQ,XXIA,,
XXII.OQ,XXII,,
XYL.N,XYL,,
XYZ,XYZ,,
YANB.OQ,YANB,,
YCBD.A,YCBD,,
YDKN.N,YDKN,,
YDNT.OQ,YDNT,,
YELLQ.PK,YELLQ,,
YELP.N,YELP,,
YETI.N,YETI,,
YEXT.N,YEXT,,
YHOODE.INS,YHOODE,,
YORW.OQ,YORW,,
YOU.N,YOU,,
YRCW.OQ,YRCW,,
YUM.N,YUM,,
Z.OQ,Z,,
ZAYO.N,ZAYO,,
ZAZA.OQ,ZAZA,,
ZBH,ZBH,,
ZBIO.OQ,ZBIO,,
ZBRA.OQ,ZBRA,,
ZD.O,ZD,,
ZD.OQ,ZD,,
ZETA.N,ZETA,,
ZGEN.O,ZGEN,,
ZGN.N,ZGN,,
ZIGO.OQ,ZIGO,,
ZINC.OQ,ZINC,,
ZION.O,ZION,,
ZION.OQ,ZION,,
ZIP.N,ZIP,,
ZIP.OQ,ZIP,,
ZLTQ.OQ,ZLTQ,,
ZM.OQ,ZM,,
ZNT.B,ZNT,,
ZNTL.OQ,ZNTL,,
ZOES.N,ZOES,,
ZOLT.O,ZOLT,,
ZOLT.OQ,ZOLT,,
ZQK.N,ZQK,,
ZQK.TH,ZQK,,
ZS.OQ,ZS,,
ZSPC.OQ,ZSPC,,
ZTS.N,ZTS,,
ZUMZ.OQ,ZUMZ,,
ZVIA.N,ZVIA,,
ZVRA.O,ZVRA,,
ZVRA.OQ,ZVRA,,
ZWS.N,ZWS,,
ZYME.OQ,ZYME,,
ZYXIQ.PK,ZYXIQ,,
ZZ.PH,ZZ,,
